time,inflow,precip_past1min,wind_speed,humidity
2023-02-01 00:00:00+00:00,343.62847589937945,0.0,740.018333333333,0.0
2023-02-01 01:00:00+00:00,327.0306584025632,0.08999999999999998,758.9833333333335,0.0
2023-02-01 02:00:00+00:00,327.5593840859375,0.0,735.0066666666668,0.0
2023-02-01 03:00:00+00:00,317.81206189017115,0.0,755.0133333333328,0.0
2023-02-01 04:00:00+00:00,320.1801498925746,0.0,651.0183333333345,0.0
2023-02-01 05:00:00+00:00,369.92688916658466,0.0,633.0083333333337,0.0
2023-02-01 06:00:00+00:00,416.30747497925876,0.0,663.9899999999999,0.0
2023-02-01 07:00:00+00:00,439.92853572449667,0.0,682.9799999999998,0.0
2023-02-01 08:00:00+00:00,409.426365920555,0.0,601.0433333333334,0.0
2023-02-01 09:00:00+00:00,412.5541312789863,0.0,555.0016666666666,0.0
2023-02-01 10:00:00+00:00,385.8814435486219,0.0,574.9850000000002,0.0
2023-02-01 11:00:00+00:00,397.21324335111035,0.0,580.0083333333333,0.0
2023-02-01 12:00:00+00:00,386.7763874668838,0.0,531.0133333333331,0.0
2023-02-01 13:00:00+00:00,395.7136112838249,0.0,483.01166666666626,0.0
2023-02-01 14:00:00+00:00,389.20284503191294,0.0,456.9966666666668,0.0
2023-02-01 15:00:00+00:00,375.0189392815639,0.0,494.01333333333366,0.0
2023-02-01 16:00:00+00:00,376.5544043068766,0.5493333333333336,388.04166666666725,0.0
2023-02-01 17:00:00+00:00,671.3722708190606,0.4206666666666668,428.9483333333331,0.0
2023-02-01 18:00:00+00:00,604.1344930447829,0.0,523.9883333333336,0.0
2023-02-01 19:00:00+00:00,431.3327816792582,0.0,576.9983333333333,0.0
2023-02-01 20:00:00+00:00,414.96736823905985,0.0,555.0166666666667,0.0
2023-02-01 21:00:00+00:00,436.9777602513147,0.08999999999999998,521.9749999999999,0.0
2023-02-01 22:00:00+00:00,374.3014751458734,1.1500000000000001,514.0283333333335,0.0
2023-02-01 23:00:00+00:00,365.30893567540545,0.30000000000000016,410.0549999999997,0.0
2023-02-02 00:00:00+00:00,349.5430700978059,0.0,180.03999999999976,0.0
2023-02-02 01:00:00+00:00,340.99060147600073,0.0,211.94166666666652,0.0
2023-02-02 02:00:00+00:00,328.980653785797,0.0,402.97166666666647,0.0
2023-02-02 03:00:00+00:00,325.7117946908817,0.0,468.99166666666684,0.0
2023-02-02 04:00:00+00:00,338.153924910354,0.08966666666666664,392.0149999999998,0.0
2023-02-02 05:00:00+00:00,387.0826236092015,0.19033333333333338,386.0050000000001,0.0
2023-02-02 06:00:00+00:00,413.78610805368214,0.0,385.00500000000034,0.0
2023-02-02 07:00:00+00:00,444.82714930380223,0.0,394.0050000000001,0.0
2023-02-02 08:00:00+00:00,427.99080282516326,0.0,364.98666666666685,0.0
2023-02-02 09:00:00+00:00,414.36489451782074,0.0,435.98999999999984,0.0
2023-02-02 10:00:00+00:00,389.09850421429553,0.0,441.00500000000005,0.0
2023-02-02 11:00:00+00:00,380.4829353949994,0.0,389.0033333333334,0.0
2023-02-02 12:00:00+00:00,381.11346559464135,0.0,385.00999999999976,0.0
2023-02-02 13:00:00+00:00,412.4950791576219,0.0,311.0283333333334,0.0
2023-02-02 14:00:00+00:00,362.89690931025814,0.0,230.03166666666644,0.0
2023-02-02 15:00:00+00:00,347.01839090810444,0.0,143.00999999999996,0.0
2023-02-02 16:00:00+00:00,368.0640252954683,0.0,142.9916666666665,0.0
2023-02-02 17:00:00+00:00,349.7731406097168,0.0,109.01333333333335,0.0
2023-02-02 18:00:00+00:00,345.09483625571534,0.0,56.021666666666604,0.0
2023-02-02 19:00:00+00:00,355.88714792783884,0.0,135.9633333333333,0.0
2023-02-02 20:00:00+00:00,337.89645019836655,0.0,102.0166666666667,0.0
2023-02-02 21:00:00+00:00,312.4038710555355,0.0,100.99166666666666,0.0
2023-02-02 22:00:00+00:00,301.86177249789904,0.0,102.01333333333343,0.0
2023-02-02 23:00:00+00:00,278.3293248091871,0.0,70.00833333333333,0.0
2023-02-03 00:00:00+00:00,255.39589680180876,0.0,98.98499999999997,0.0
2023-02-03 01:00:00+00:00,257.57567631887497,0.0,196.9599999999998,0.0
2023-02-03 02:00:00+00:00,248.02735135369025,0.0,336.9650000000002,0.0
2023-02-03 03:00:00+00:00,266.86820098509503,0.20999999999999994,382.98499999999973,0.0
2023-02-03 04:00:00+00:00,566.337709074293,0.739166666666667,417.9950000000002,0.0
2023-02-03 05:00:00+00:00,1065.7592491750656,0.5608333333333334,394.0133333333332,0.0
2023-02-03 06:00:00+00:00,1428.732374793568,0.7295000000000001,463.97833333333347,0.0
2023-02-03 07:00:00+00:00,1718.790918064077,2.8601666666666685,393.0416666666662,0.0
2023-02-03 08:00:00+00:00,2107.425228106702,4.817,285.0099999999998,0.0
2023-02-03 09:00:00+00:00,2442.7551185312786,4.011833333333334,252.94000000000028,0.0
2023-02-03 10:00:00+00:00,1710.291643878144,1.561333333333333,390.9916666666669,0.0
2023-02-03 11:00:00+00:00,1134.8200341338245,0.2901666666666669,512.0083333333332,0.0
2023-02-03 12:00:00+00:00,790.0795435145218,0.09999999999999991,501.00666666666683,0.0
2023-02-03 13:00:00+00:00,684.47901392491,0.0,406.03999999999985,0.0
2023-02-03 14:00:00+00:00,602.8513913240205,0.0,326.01833333333366,0.0
2023-02-03 15:00:00+00:00,607.1129057755761,0.0,313.9766666666669,0.0
2023-02-03 16:00:00+00:00,591.458123302224,0.0,388.981666666667,0.0
2023-02-03 17:00:00+00:00,588.4972118579337,0.0,468.9600000000001,0.0
2023-02-03 18:00:00+00:00,579.4046654669021,0.10000000000000007,599.0,0.0
2023-02-03 19:00:00+00:00,766.431918190072,0.059000000000000045,645.9683333333335,0.0
2023-02-03 20:00:00+00:00,779.8236692798663,0.301,672.0216666666662,0.0
2023-02-03 21:00:00+00:00,611.9957100579755,0.0,551.0100000000002,0.0
2023-02-03 22:00:00+00:00,522.633300697191,0.10000000000000006,549.0316666666664,0.0
2023-02-03 23:00:00+00:00,504.2316750389681,0.0,440.9949999999994,0.0
2023-02-04 00:00:00+00:00,470.4645842642673,0.0,449.0166666666666,0.0
2023-02-04 01:00:00+00:00,469.7238381962948,0.0,421.98,0.0
2023-02-04 02:00:00+00:00,456.7771245120491,0.0,413.02166666666665,0.0
2023-02-04 03:00:00+00:00,450.4540773806199,0.0,429.9999999999997,0.0
2023-02-04 04:00:00+00:00,447.4730905571681,0.0,413.00000000000017,0.0
2023-02-04 05:00:00+00:00,447.1943532354104,0.0,389.0033333333336,0.0
2023-02-04 06:00:00+00:00,471.100160313479,0.0,348.0166666666669,0.0
2023-02-04 07:00:00+00:00,498.7814725205551,0.0,363.99666666666707,0.0
2023-02-04 08:00:00+00:00,529.8425609555588,0.0,398.9849999999998,0.0
2023-02-04 09:00:00+00:00,559.1284446155341,0.0,418.9849999999999,0.0
2023-02-04 10:00:00+00:00,539.2604123404407,0.0,461.0049999999997,0.0
2023-02-04 11:00:00+00:00,524.4808539262397,0.0,460.9983333333331,0.0
2023-02-04 12:00:00+00:00,515.7721724948718,0.0,462.0033333333329,0.0
2023-02-04 13:00:00+00:00,510.9451918475394,0.0,403.0183333333337,0.0
2023-02-04 14:00:00+00:00,504.1237496610551,0.0,338.02166666666676,0.0
2023-02-04 15:00:00+00:00,503.70761008498044,0.0,270.01833333333315,0.0
2023-02-04 16:00:00+00:00,505.3701231093142,0.0,234.98833333333346,0.0
2023-02-04 17:00:00+00:00,494.6598248209602,0.0,217.02666666666684,0.0
2023-02-04 18:00:00+00:00,492.0987265974906,0.0,191.9900000000001,0.0
2023-02-04 19:00:00+00:00,482.50291045670457,0.0,183.01666666666677,0.0
2023-02-04 20:00:00+00:00,474.2038652550087,0.0,149.00000000000006,0.0
2023-02-04 21:00:00+00:00,464.1762614502646,0.0,125.0066666666666,0.0
2023-02-04 22:00:00+00:00,464.86700187747743,0.0,113.99833333333319,0.0
2023-02-04 23:00:00+00:00,451.8283949560483,0.0,140.99833333333333,0.0
2023-02-05 00:00:00+00:00,449.4004512576717,0.0,136.0066666666666,0.0
2023-02-05 01:00:00+00:00,433.85857149253934,0.0,121.00500000000004,0.0
2023-02-05 02:00:00+00:00,435.16566732259037,0.0,99.99333333333337,0.0
2023-02-05 03:00:00+00:00,434.3000223298301,0.0,76.01833333333323,0.0
2023-02-05 04:00:00+00:00,427.6158096235981,0.0,80.98166666666663,0.0
2023-02-05 05:00:00+00:00,431.4153026178384,0.0,99.00833333333328,0.0
2023-02-05 06:00:00+00:00,446.6525606796731,0.0,68.01333333333326,0.0
2023-02-05 07:00:00+00:00,472.7567369767275,0.0,22.000000000000014,0.0
2023-02-05 08:00:00+00:00,504.4951838495803,0.0,30.993333333333325,0.0
2023-02-05 09:00:00+00:00,514.8312890587653,0.0,136.95166666666665,0.0
2023-02-05 10:00:00+00:00,520.279365184133,0.0,293.98666666666645,0.0
2023-02-05 11:00:00+00:00,518.0059447243393,0.0,314.9733333333334,0.0
2023-02-05 12:00:00+00:00,499.48727277422455,0.0,361.0016666666668,0.0
2023-02-05 13:00:00+00:00,497.5227988651284,0.0,316.015,0.0
2023-02-05 14:00:00+00:00,484.66583346929383,0.0,287.0116666666667,0.0
2023-02-05 15:00:00+00:00,485.28524523035486,0.0,284.9966666666666,0.0
2023-02-05 16:00:00+00:00,478.1005129675654,0.0,281.99833333333333,0.0
2023-02-05 17:00:00+00:00,487.4573182953873,0.0,298.0050000000005,0.0
2023-02-05 18:00:00+00:00,489.69046825114316,0.0,291.9949999999999,0.0
2023-02-05 19:00:00+00:00,475.5099106802301,0.0,341.98833333333346,0.0
2023-02-05 20:00:00+00:00,457.435195166452,0.0,293.0083333333336,0.0
2023-02-05 21:00:00+00:00,456.29561422610914,0.0,264.02833333333314,0.0
2023-02-05 22:00:00+00:00,446.19701726405117,0.0,166.01833333333343,0.0
2023-02-05 23:00:00+00:00,435.3582476869925,0.0,83.02333333333334,0.0
2023-02-06 00:00:00+00:00,397.76245338056873,0.09999999999999991,43.001666666666615,0.0
2023-02-06 01:00:00+00:00,389.863191028394,0.02000000000000001,118.97666666666655,0.0
2023-02-06 02:00:00+00:00,379.26042219526806,0.0,145.99833333333342,0.0
2023-02-06 03:00:00+00:00,385.9883118757524,0.0,113.00499999999997,0.0
2023-02-06 04:00:00+00:00,385.08630647690933,0.0,104.00000000000001,0.0
2023-02-06 05:00:00+00:00,424.12697859370525,0.0,140.99500000000012,0.0
2023-02-06 06:00:00+00:00,483.22018157775386,0.0,193.9800000000001,0.0
2023-02-06 07:00:00+00:00,503.17356376485947,0.0,199.99499999999986,0.0
2023-02-06 08:00:00+00:00,484.6721987251103,0.0,163.01833333333317,0.0
2023-02-06 09:00:00+00:00,470.34607017098665,0.0,150.9983333333335,0.0
2023-02-06 10:00:00+00:00,489.67526828209725,0.0,138.00499999999994,0.0
2023-02-06 11:00:00+00:00,490.6130768973732,0.0,103.0100000000001,0.0
2023-02-06 12:00:00+00:00,463.3967093743855,0.0,64.01833333333332,0.0
2023-02-06 13:00:00+00:00,497.34363448069126,0.0,112.96833333333336,0.0
2023-02-06 14:00:00+00:00,491.11903136261634,0.0,84.01499999999993,0.0
2023-02-06 15:00:00+00:00,469.3932784713441,0.0,73.00500000000004,0.0
2023-02-06 16:00:00+00:00,460.8278121799071,0.0,113.97833333333321,0.0
2023-02-06 17:00:00+00:00,454.8773009632484,0.0,132.0099999999999,0.0
2023-02-06 18:00:00+00:00,457.22947818229585,0.0,187.98000000000013,0.0
2023-02-06 19:00:00+00:00,474.0462556401334,0.0,248.9883333333329,0.0
2023-02-06 20:00:00+00:00,427.80346471116803,0.0,212.99333333333337,0.0
2023-02-06 21:00:00+00:00,412.69943227605376,0.0,250.0016666666669,0.0
2023-02-06 22:00:00+00:00,398.9736867392757,0.0,272.00500000000017,0.0
2023-02-06 23:00:00+00:00,395.03276016403436,0.0,314.9699999999999,0.0
2023-02-07 00:00:00+00:00,370.6331684319843,0.0,281.02833333333353,0.0
2023-02-07 01:00:00+00:00,363.125760539791,0.0,344.9633333333332,0.0
2023-02-07 02:00:00+00:00,366.7929145723722,0.0,369.02166666666704,0.0
2023-02-07 03:00:00+00:00,363.55549669393895,0.0,307.00833333333355,0.0
2023-02-07 04:00:00+00:00,377.178839373077,0.0,281.9883333333335,0.0
2023-02-07 05:00:00+00:00,411.7910867589242,0.0,335.98333333333323,0.0
2023-02-07 06:00:00+00:00,464.8380061728422,0.0,363.01,0.0
2023-02-07 07:00:00+00:00,498.7529857124098,0.0,334.0100000000004,0.0
2023-02-07 08:00:00+00:00,478.12181803670467,0.0,337.98666666666634,0.0
2023-02-07 09:00:00+00:00,494.52583564641344,0.0,298.02000000000015,0.0
2023-02-07 10:00:00+00:00,494.6211304565294,0.0,312.97999999999956,0.0
2023-02-07 11:00:00+00:00,511.09290043987147,0.0,354.98000000000036,0.0
2023-02-07 12:00:00+00:00,582.4109687109866,0.0,408.9883333333333,0.0
2023-02-07 13:00:00+00:00,496.3722694105377,0.0,408.0199999999999,0.0
2023-02-07 14:00:00+00:00,467.9404161981915,0.0,404.0049999999998,0.0
2023-02-07 15:00:00+00:00,457.53705310794453,0.0,341.025,0.0
2023-02-07 16:00:00+00:00,451.68244681867594,0.0,227.01666666666688,0.0
2023-02-07 17:00:00+00:00,445.16954508359254,0.0,218.9949999999999,0.0
2023-02-07 18:00:00+00:00,445.6257308841962,0.0,174.02333333333323,0.0
2023-02-07 19:00:00+00:00,461.5742503612714,0.0,212.98000000000013,0.0
2023-02-07 20:00:00+00:00,415.5611887684519,0.0,196.01666666666648,0.0
2023-02-07 21:00:00+00:00,399.01319092930106,0.0,136.015,0.0
2023-02-07 22:00:00+00:00,388.5854193114336,0.0,113.01166666666668,0.0
2023-02-07 23:00:00+00:00,377.04672231463627,0.0,74.99166666666663,0.0
2023-02-08 00:00:00+00:00,355.5797796092494,0.0,153.9783333333333,0.0
2023-02-08 01:00:00+00:00,352.2944447374255,0.0,198.98999999999998,0.0
2023-02-08 02:00:00+00:00,355.6700005948508,0.0,269.99000000000024,0.0
2023-02-08 03:00:00+00:00,351.3694937882559,0.0,284.99166666666673,0.0
2023-02-08 04:00:00+00:00,354.67321509909954,0.0,308.98666666666696,0.0
2023-02-08 05:00:00+00:00,406.1759961953136,0.0,263.0266666666664,0.0
2023-02-08 06:00:00+00:00,462.2373855756278,0.0,222.00166666666664,0.0
2023-02-08 07:00:00+00:00,496.9566385140099,0.0,223.99999999999991,0.0
2023-02-08 08:00:00+00:00,469.713817735011,0.0,326.96499999999986,0.0
2023-02-08 09:00:00+00:00,482.0712022334872,0.0,392.9966666666668,0.0
2023-02-08 10:00:00+00:00,470.8721679641562,0.0,446.97666666666726,0.0
2023-02-08 11:00:00+00:00,481.40789875431,0.0,452.0133333333335,0.0
2023-02-08 12:00:00+00:00,459.02990419263233,0.0,447.9983333333329,0.0
2023-02-08 13:00:00+00:00,472.3173248918252,0.0,480.9833333333331,0.0
2023-02-08 14:00:00+00:00,450.82997713648416,0.0,435.0166666666668,0.0
2023-02-08 15:00:00+00:00,420.77608526711674,0.0,324.04499999999985,0.0
2023-02-08 16:00:00+00:00,428.5746604430277,0.0,283.98833333333323,0.0
2023-02-08 17:00:00+00:00,430.0551793492946,0.0,310.9866666666666,0.0
2023-02-08 18:00:00+00:00,433.6701649920428,0.0,403.97333333333324,0.0
2023-02-08 19:00:00+00:00,442.546798377726,0.0,467.9816666666669,0.0
2023-02-08 20:00:00+00:00,403.0949532254568,0.0,518.0016666666668,0.0
2023-02-08 21:00:00+00:00,371.40593859038404,0.0,488.98333333333363,0.0
2023-02-08 22:00:00+00:00,356.99192167956505,0.0,565.0000000000001,0.0
2023-02-08 23:00:00+00:00,357.6946189906077,0.0,507.02000000000055,0.0
2023-02-09 00:00:00+00:00,328.5161142758416,0.0,483.0033333333329,0.0
2023-02-09 01:00:00+00:00,332.8283127817282,0.0,414.01666666666625,0.0
2023-02-09 02:00:00+00:00,310.3472233762806,0.0,479.97833333333335,0.0
2023-02-09 03:00:00+00:00,320.8747866122136,0.0,506.996666666666,0.0
2023-02-09 04:00:00+00:00,336.94931132457964,0.0,501.99833333333373,0.0
2023-02-09 05:00:00+00:00,359.23280811599034,0.0,471.0099999999993,0.0
2023-02-09 06:00:00+00:00,422.3370089179619,0.0,486.983333333333,0.0
2023-02-09 07:00:00+00:00,450.022722126546,0.0,507.01000000000033,0.0
2023-02-09 08:00:00+00:00,455.74888419749584,0.0,546.9850000000001,0.0
2023-02-09 09:00:00+00:00,482.19767609722174,0.0,587.9866666666665,0.0
2023-02-09 10:00:00+00:00,474.6880717507885,0.0,587.0,0.0
2023-02-09 11:00:00+00:00,456.14915398561044,0.0,546.0116666666667,0.0
2023-02-09 12:00:00+00:00,444.7929624961609,0.0,552.9966666666662,0.0
2023-02-09 13:00:00+00:00,436.3245277101691,0.0,533.0016666666667,0.0
2023-02-09 14:00:00+00:00,429.3545270880654,0.0,538.0150000000001,0.0
2023-02-09 15:00:00+00:00,433.2758021013309,0.0,501.9933333333332,0.0
2023-02-09 16:00:00+00:00,421.4078663628607,0.0,502.015,0.0
2023-02-09 17:00:00+00:00,404.0228746605182,0.0,450.00833333333316,0.0
2023-02-09 18:00:00+00:00,419.1061772154031,0.0,454.00166666666667,0.0
2023-02-09 19:00:00+00:00,424.8910138822228,0.0,542.9616666666667,0.0
2023-02-09 20:00:00+00:00,391.68335966383916,0.0,509.02833333333365,0.0
2023-02-09 21:00:00+00:00,366.47052842505786,0.0,588.9633333333336,0.0
2023-02-09 22:00:00+00:00,350.292760485561,0.0,556.0133333333334,0.0
2023-02-09 23:00:00+00:00,342.2317242045026,0.0,561.9816666666667,0.0
2023-02-10 00:00:00+00:00,326.9255814893928,0.0,648.9966666666675,0.0
2023-02-10 01:00:00+00:00,334.7500284538583,0.0,686.9799999999997,0.0
2023-02-10 02:00:00+00:00,306.3614305691227,0.0,616.0266666666664,0.0
2023-02-10 03:00:00+00:00,305.45667340971943,0.0,515.0383333333333,0.0
2023-02-10 04:00:00+00:00,312.0590063056999,0.0,430.01999999999975,0.0
2023-02-10 05:00:00+00:00,348.8607549591076,0.0,404.00666666666626,0.0
2023-02-10 06:00:00+00:00,402.9194689134976,0.0,341.0233333333335,0.0
2023-02-10 07:00:00+00:00,445.9611634011171,0.0,320.9900000000003,0.0
2023-02-10 08:00:00+00:00,459.02555605920764,0.0,393.9583333333337,0.0
2023-02-10 09:00:00+00:00,447.47104452139115,0.0,519.9883333333339,0.0
2023-02-10 10:00:00+00:00,443.95579218297837,0.0,528.0116666666668,0.0
2023-02-10 11:00:00+00:00,433.4755457813021,0.0,497.9783333333329,0.0
2023-02-10 12:00:00+00:00,446.3949965718925,0.0,566.0049999999999,0.0
2023-02-10 13:00:00+00:00,440.5038610578771,0.0,553.9933333333336,0.0
2023-02-10 14:00:00+00:00,410.83370998596536,0.0,598.996666666667,0.0
2023-02-10 15:00:00+00:00,418.38318651222255,0.0,555.0050000000001,0.0
2023-02-10 16:00:00+00:00,414.5515386387196,0.0,488.0249999999995,0.0
2023-02-10 17:00:00+00:00,399.7271029067442,0.0,556.9766666666662,0.0
2023-02-10 18:00:00+00:00,398.9817952209011,0.0,563.9916666666662,0.0
2023-02-10 19:00:00+00:00,407.65466619667274,0.0,578.9933333333336,0.0
2023-02-10 20:00:00+00:00,366.35385379734817,0.0,629.0000000000006,0.0
2023-02-10 21:00:00+00:00,340.62826470378155,0.0,511.48833333333346,0.0
2023-02-10 22:00:00+00:00,340.4734843769969,0.0,724.9999999999991,0.0
2023-02-10 23:00:00+00:00,339.1887527565752,0.0,728.9883333333332,0.0
2023-02-11 00:00:00+00:00,325.3325868622913,0.049999999999999954,763.9750000000001,0.0
2023-02-11 01:00:00+00:00,327.72708069137497,0.09999999999999991,785.0033333333333,0.0
2023-02-11 02:00:00+00:00,310.1686147017448,0.08000000000000006,849.9733333333339,0.0
2023-02-11 03:00:00+00:00,314.2880917992832,0.1291666666666666,894.9883333333332,0.0
2023-02-11 04:00:00+00:00,307.9488078348164,0.0008333333333333334,884.0300000000007,0.0
2023-02-11 05:00:00+00:00,311.6319744413722,0.11999999999999993,761.036666666666,0.0
2023-02-11 06:00:00+00:00,342.1286863314411,0.09999999999999991,707.0,0.0
2023-02-11 07:00:00+00:00,369.6845953981844,0.0,684.9933333333322,0.0
2023-02-11 08:00:00+00:00,401.5967141245232,0.0,615.0133333333333,0.0
2023-02-11 09:00:00+00:00,423.7320601706331,0.0,633.9966666666675,0.0
2023-02-11 10:00:00+00:00,416.8834631845727,0.0,629.006666666666,0.0
2023-02-11 11:00:00+00:00,415.40152115981795,0.0,600.0216666666666,0.0
2023-02-11 12:00:00+00:00,398.80014330835496,0.0,568.998333333334,0.0
2023-02-11 13:00:00+00:00,381.0169406168218,0.0,522.0149999999995,0.0
2023-02-11 14:00:00+00:00,375.12331564479643,0.0,424.0433333333337,0.0
2023-02-11 15:00:00+00:00,373.0024085490708,0.0,334.0166666666672,0.0
2023-02-11 16:00:00+00:00,362.9084733353883,0.0,267.021666666667,0.0
2023-02-11 17:00:00+00:00,365.00425638145947,0.0,222.00666666666677,0.0
2023-02-11 18:00:00+00:00,351.3853990244087,0.0,173.01666666666677,0.0
2023-02-11 19:00:00+00:00,346.40718956080474,0.0,122.01000000000006,0.0
2023-02-11 20:00:00+00:00,320.00990382713763,0.0,111.9999999999999,0.0
2023-02-11 21:00:00+00:00,313.8027938860405,0.0,123.98500000000001,0.0
2023-02-11 22:00:00+00:00,312.5904278196521,0.0,126.01833333333329,0.0
2023-02-11 23:00:00+00:00,302.20896922286096,0.0,87.01000000000002,0.0
2023-02-12 00:00:00+00:00,284.8771306080126,0.0,68.99499999999995,0.0
2023-02-12 01:00:00+00:00,280.73399741534007,0.0,116.98000000000006,0.0
2023-02-12 02:00:00+00:00,270.4498577938867,0.0,160.9833333333333,0.0
2023-02-12 03:00:00+00:00,263.0676383655432,0.0,226.00000000000014,0.0
2023-02-12 04:00:00+00:00,272.15494689372326,0.0,214.9916666666668,0.0
2023-02-12 05:00:00+00:00,270.3571090132964,0.0,266.99666666666644,0.0
2023-02-12 06:00:00+00:00,282.9879470712623,0.0,241.99499999999998,0.0
2023-02-12 07:00:00+00:00,321.23297943760764,0.0,353.98833333333323,0.0
2023-02-12 08:00:00+00:00,351.1162881156107,0.0,299.99666666666644,0.0
2023-02-12 09:00:00+00:00,374.172683487211,0.0,311.01166666666666,0.0
2023-02-12 10:00:00+00:00,377.63218554851005,0.0,358.9633333333332,0.0
2023-02-12 11:00:00+00:00,381.804038833943,0.0,429.0066666666666,0.0
2023-02-12 12:00:00+00:00,370.4472783737503,0.0,424.9883333333337,0.0
2023-02-12 13:00:00+00:00,362.68321796508434,0.0,401.02,0.0
2023-02-12 14:00:00+00:00,363.03949009450474,0.0,343.00000000000017,0.0
2023-02-12 15:00:00+00:00,340.9836116619626,0.0,361.00999999999965,0.0
2023-02-12 16:00:00+00:00,348.40568185073084,0.0,363.99333333333345,0.0
2023-02-12 17:00:00+00:00,350.1795040833276,0.0,334.00666666666655,0.0
2023-02-12 18:00:00+00:00,349.75621065396774,0.0,396.9916666666667,0.0
2023-02-12 19:00:00+00:00,343.85118601197274,0.0,354.9983333333335,0.0
2023-02-12 20:00:00+00:00,319.4589337892439,0.0,376.00333333333356,0.0
2023-02-12 21:00:00+00:00,327.85514606367235,0.0,392.99666666666695,0.0
2023-02-12 22:00:00+00:00,305.93178730184684,0.0,273.0433333333333,0.0
2023-02-12 23:00:00+00:00,295.4841562840363,0.0,220.9833333333334,0.0
2023-02-13 00:00:00+00:00,272.6204745643021,0.0,244.99666666666667,0.0
2023-02-13 01:00:00+00:00,261.4461595675322,0.0,262.9849999999999,0.0
2023-02-13 02:00:00+00:00,257.55112612073816,0.0,332.99000000000024,0.0
2023-02-13 03:00:00+00:00,260.8214666329796,0.0,358.02500000000043,0.0
2023-02-13 04:00:00+00:00,261.32402237940084,0.0,327.9766666666667,0.0
2023-02-13 05:00:00+00:00,294.52670464067614,0.0,373.98833333333334,0.0
2023-02-13 06:00:00+00:00,361.42464431490384,0.0,393.9933333333339,0.0
2023-02-13 07:00:00+00:00,404.0998135766529,0.0,374.0049999999998,0.0
2023-02-13 08:00:00+00:00,406.50223271512465,0.0,396.9899999999999,0.0
2023-02-13 09:00:00+00:00,405.2693911393289,0.0,456.9833333333329,0.0
2023-02-13 10:00:00+00:00,407.25143462053705,0.0,527.983333333333,0.0
2023-02-13 11:00:00+00:00,396.5989044367244,0.0,504.01833333333315,0.0
2023-02-13 12:00:00+00:00,410.0300066281186,0.0,520.9899999999997,0.0
2023-02-13 13:00:00+00:00,420.5588229863346,0.0,428.02833333333336,0.0
2023-02-13 14:00:00+00:00,384.081392968025,0.0,382.01999999999975,0.0
2023-02-13 15:00:00+00:00,358.3495650201279,0.0,284.0250000000001,0.0
2023-02-13 16:00:00+00:00,370.70776968331296,0.0,264.0083333333331,0.0
2023-02-13 17:00:00+00:00,370.0494162125827,0.0,299.98666666666674,0.0
2023-02-13 18:00:00+00:00,385.2776880221847,0.0,266.99666666666667,0.0
2023-02-13 19:00:00+00:00,376.524415034127,0.0,380.98000000000025,0.0
2023-02-13 20:00:00+00:00,327.0406918170623,0.0,356.00499999999965,0.0
2023-02-13 21:00:00+00:00,308.78149577478536,0.0,336.0083333333329,0.0
2023-02-13 22:00:00+00:00,295.9237524707004,0.0,356.9933333333333,0.0
2023-02-13 23:00:00+00:00,293.0177839397709,0.0,335.0049999999999,0.0
2023-02-14 00:00:00+00:00,260.9242149273012,0.0,315.00166666666655,0.0
2023-02-14 01:00:00+00:00,255.6946882507614,0.0,314.0050000000003,0.0
2023-02-14 02:00:00+00:00,257.4063004316218,0.0,314.00333333333333,0.0
2023-02-14 03:00:00+00:00,250.15109650594044,0.0,262.0000000000001,0.0
2023-02-14 04:00:00+00:00,261.8310221502401,0.0,253.02833333333325,0.0
2023-02-14 05:00:00+00:00,291.1982462068192,0.0,151.0183333333332,0.0
2023-02-14 06:00:00+00:00,365.6193409351404,0.0,148.00166666666675,0.0
2023-02-14 07:00:00+00:00,401.3735667934949,0.0,96.00000000000004,0.0
2023-02-14 08:00:00+00:00,393.92392054206186,0.0,148.9966666666667,0.0
2023-02-14 09:00:00+00:00,420.42746624427065,0.0,170.9816666666668,0.0
2023-02-14 10:00:00+00:00,403.2846132958,0.0,231.97833333333327,0.0
2023-02-14 11:00:00+00:00,399.241022756366,0.0,240.00333333333344,0.0
2023-02-14 12:00:00+00:00,382.7319181966186,0.0,258.0066666666668,0.0
2023-02-14 13:00:00+00:00,389.78042777804046,0.0,229.0133333333334,0.0
2023-02-14 14:00:00+00:00,390.680982143263,0.0,221.98666666666662,0.0
2023-02-14 15:00:00+00:00,368.8785212196942,0.0,198.00833333333344,0.0
2023-02-14 16:00:00+00:00,373.1445543566261,0.0,193.00166666666658,0.0
2023-02-14 17:00:00+00:00,346.0353685933001,0.0,206.97999999999996,0.0
2023-02-14 18:00:00+00:00,368.21035020798075,0.0,211.01333333333355,0.0
2023-02-14 19:00:00+00:00,377.8347707779182,0.0,226.99500000000015,0.0
2023-02-14 20:00:00+00:00,328.02301145009966,0.0,201.0166666666665,0.0
2023-02-14 21:00:00+00:00,322.2147656241083,0.0,243.9983333333334,0.0
2023-02-14 22:00:00+00:00,304.439054188127,0.0,201.00833333333324,0.0
2023-02-14 23:00:00+00:00,279.72794257024924,0.0,224.97500000000002,0.0
2023-02-15 00:00:00+00:00,267.72355698845087,0.0,180.0233333333333,0.0
2023-02-15 01:00:00+00:00,260.22606460881605,0.0,152.00333333333307,0.0
2023-02-15 02:00:00+00:00,256.10523595181917,0.0,140.0016666666667,0.0
2023-02-15 03:00:00+00:00,255.9351882531177,0.0,98.0216666666666,0.0
2023-02-15 04:00:00+00:00,256.7319860792145,0.0,70.99833333333335,0.0
2023-02-15 05:00:00+00:00,323.97761238029335,0.0,67.00166666666671,0.0
2023-02-15 06:00:00+00:00,365.40296833059836,0.0,92.99000000000004,0.0
2023-02-15 07:00:00+00:00,400.127866740798,0.0,149.97833333333324,0.0
2023-02-15 08:00:00+00:00,385.6937929209949,0.0,194.99666666666684,0.0
2023-02-15 09:00:00+00:00,424.766742675122,0.0,235.981666666667,0.0
2023-02-15 10:00:00+00:00,421.4150359931889,0.0,253.0033333333332,0.0
2023-02-15 11:00:00+00:00,411.3091928377708,0.0,236.9983333333333,0.0
2023-02-15 12:00:00+00:00,386.3257879054183,0.0,240.01999999999973,0.0
2023-02-15 13:00:00+00:00,376.2125983276455,0.0,178.00333333333344,0.0
2023-02-15 14:00:00+00:00,378.2658399535793,0.0,165.0033333333332,0.0
2023-02-15 15:00:00+00:00,387.15396429300256,0.0,128.01333333333343,0.0
2023-02-15 16:00:00+00:00,377.82199616974356,0.0,99.00333333333343,0.0
2023-02-15 17:00:00+00:00,342.66108330329416,0.0,109.00500000000001,0.0
2023-02-15 18:00:00+00:00,365.69196211618123,0.0,109.98499999999994,0.0
2023-02-15 19:00:00+00:00,358.93088114792226,0.0,122.01666666666672,0.0
2023-02-15 20:00:00+00:00,351.74697118276924,0.0,136.97833333333315,0.0
2023-02-15 21:00:00+00:00,315.37217952028203,0.0,221.98500000000016,0.0
2023-02-15 22:00:00+00:00,295.792362888494,0.0,206.00833333333358,0.0
2023-02-15 23:00:00+00:00,287.8601921984404,0.0,187.98833333333312,0.0
2023-02-16 00:00:00+00:00,281.4650220595808,0.0,204.99666666666678,0.0
2023-02-16 01:00:00+00:00,258.82046414466686,0.0,257.9883333333332,0.0
2023-02-16 02:00:00+00:00,257.82385805978555,0.0,239.99833333333322,0.0
2023-02-16 03:00:00+00:00,256.70198881509526,0.0,307.97333333333364,0.0
2023-02-16 04:00:00+00:00,262.31568637727077,0.0,349.0149999999997,0.0
2023-02-16 05:00:00+00:00,328.90124828729427,0.0,280.00333333333333,0.0
2023-02-16 06:00:00+00:00,355.89549845288894,0.0,284.0266666666667,0.0
2023-02-16 07:00:00+00:00,377.05243251629787,0.0,282.97666666666674,0.0
2023-02-16 08:00:00+00:00,404.34588300603696,0.0,333.98666666666657,0.0
2023-02-16 09:00:00+00:00,384.3170280437689,0.0,359.9933333333335,0.0
2023-02-16 10:00:00+00:00,378.6029089182605,0.0,382.99666666666667,0.0
2023-02-16 11:00:00+00:00,397.08995705572926,0.0,387.9883333333337,0.0
2023-02-16 12:00:00+00:00,390.62898676218333,0.0,385.01166666666677,0.0
2023-02-16 13:00:00+00:00,391.74106265650784,0.0,354.0233333333337,0.0
2023-02-16 14:00:00+00:00,369.7725028787771,0.0,358.9733333333337,0.0
2023-02-16 15:00:00+00:00,360.89230289440513,0.0,477.9783333333329,0.0
2023-02-16 16:00:00+00:00,373.66226031111654,0.0,459.99166666666656,0.0
2023-02-16 17:00:00+00:00,354.88761289127115,0.0,418.04166666666674,0.0
2023-02-16 18:00:00+00:00,348.4425551466466,0.0,387.9883333333336,0.0
2023-02-16 19:00:00+00:00,345.90115866034387,0.0,329.0199999999998,0.0
2023-02-16 20:00:00+00:00,336.3422470923508,0.0,287.0,0.0
2023-02-16 21:00:00+00:00,309.22378398365265,0.049999999999999954,229.01666666666674,0.0
2023-02-16 22:00:00+00:00,299.7268015162252,0.049999999999999954,299.975,0.0
2023-02-16 23:00:00+00:00,288.7710638068079,0.0,289.015,0.0
2023-02-17 00:00:00+00:00,263.80381275524917,0.0,177.04166666666669,0.0
2023-02-17 01:00:00+00:00,252.70805153394457,0.0,207.97999999999982,0.0
2023-02-17 02:00:00+00:00,257.74192428714184,0.0,183.00333333333333,0.0
2023-02-17 03:00:00+00:00,256.04597634748563,0.0,250.97833333333327,0.0
2023-02-17 04:00:00+00:00,268.1708879953656,0.13999999999999993,277.9916666666668,0.0
2023-02-17 05:00:00+00:00,299.0232596860561,0.73,350.99333333333306,0.0
2023-02-17 06:00:00+00:00,397.72181666879897,0.7200000000000001,354.0066666666671,0.0
2023-02-17 07:00:00+00:00,460.4185102288207,0.5400000000000004,407.9616666666669,0.0
2023-02-17 08:00:00+00:00,593.9555260730207,0.48966666666666675,463.9899999999999,0.0
2023-02-17 09:00:00+00:00,819.5244026915306,1.4998333333333334,522.9916666666663,0.0
2023-02-17 10:00:00+00:00,1583.4399415294556,3.5390000000000006,562.9783333333334,0.0
2023-02-17 11:00:00+00:00,2075.349794282422,4.780666666666668,627.9916666666667,0.0
2023-02-17 12:00:00+00:00,2039.3996389951533,3.0405000000000015,647.9883333333338,0.0
2023-02-17 13:00:00+00:00,1741.944669179906,2.510333333333333,628.0016666666672,0.0
2023-02-17 14:00:00+00:00,1181.1823577217174,0.1396666666666666,764.9566666666666,0.0
2023-02-17 15:00:00+00:00,806.0905115926327,0.0003333333333333333,815.0016666666678,0.0
2023-02-17 16:00:00+00:00,614.2434485074066,0.0,922.9566666666666,0.0
2023-02-17 17:00:00+00:00,507.4006267194521,0.0,911.0133333333331,0.0
2023-02-17 18:00:00+00:00,517.4736903872804,0.060000000000000046,1031.9650000000004,0.0
2023-02-17 19:00:00+00:00,506.5619014478936,0.109,1100.9866666666667,0.0
2023-02-17 20:00:00+00:00,482.9055181628858,0.06100000000000005,1188.9549999999997,0.0
2023-02-17 21:00:00+00:00,470.0696984459597,0.0,1208.0149999999994,0.0
2023-02-17 22:00:00+00:00,457.62740339695216,0.0,1185.0066666666676,0.0
2023-02-17 23:00:00+00:00,450.34985003053555,0.0,1170.0316666666668,0.0
2023-02-18 00:00:00+00:00,441.930165847296,0.0,1111.9799999999993,0.0
2023-02-18 01:00:00+00:00,425.55521042964745,0.049999999999999954,1021.0233333333326,0.0
2023-02-18 02:00:00+00:00,416.54491808366777,0.0,948.0216666666665,0.0
2023-02-18 03:00:00+00:00,416.503236256159,0.0,917.0166666666661,0.0
2023-02-18 04:00:00+00:00,413.8739443962292,0.0,851.0350000000005,0.0
2023-02-18 05:00:00+00:00,420.21208402366744,0.0,671.0366666666666,0.0
2023-02-18 06:00:00+00:00,452.4219911149545,0.0,569.0366666666671,0.0
2023-02-18 07:00:00+00:00,457.44922866640957,0.0,575.9866666666669,0.0
2023-02-18 08:00:00+00:00,382.270743303721,0.0,606.99,0.0
2023-02-18 09:00:00+00:00,389.91381472668405,0.0,665.9933333333339,0.0
2023-02-18 10:00:00+00:00,393.1864125859728,0.0,544.013333333333,0.0
2023-02-18 11:00:00+00:00,398.3493958140793,0.0,544.0116666666664,0.0
2023-02-18 12:00:00+00:00,374.7746107357984,0.0,503.03333333333336,0.0
2023-02-18 13:00:00+00:00,373.5617074324805,0.0,422.00000000000017,0.0
2023-02-18 14:00:00+00:00,358.7786656023112,0.0,397.0133333333334,0.0
2023-02-18 15:00:00+00:00,354.1955982412492,0.0,388.9983333333332,0.0
2023-02-18 16:00:00+00:00,355.97213136630694,0.0,393.9916666666666,0.0
2023-02-18 17:00:00+00:00,348.82782102084064,0.0,405.01166666666654,0.0
2023-02-18 18:00:00+00:00,345.16658575607005,0.0,398.98500000000007,0.0
2023-02-18 19:00:00+00:00,335.4395264299974,0.0,385.0099999999997,0.0
2023-02-18 20:00:00+00:00,319.5391744707573,0.0,363.02000000000044,0.0
2023-02-18 21:00:00+00:00,313.7528070779838,0.0,354.996666666667,0.0
2023-02-18 22:00:00+00:00,314.6181906849484,0.0,329.01166666666654,0.0
2023-02-18 23:00:00+00:00,304.37941179394784,0.0,297.99833333333316,0.0
2023-02-19 00:00:00+00:00,287.6390517109667,0.0,254.01833333333343,0.0
2023-02-19 01:00:00+00:00,280.46118900357294,0.0,231.9916666666669,0.0
2023-02-19 02:00:00+00:00,298.48457820469906,0.0,258.00166666666627,0.0
2023-02-19 03:00:00+00:00,395.02115744872043,0.0,267.9966666666667,0.0
2023-02-19 04:00:00+00:00,388.6535175017783,0.0,282.9883333333335,0.0
2023-02-19 05:00:00+00:00,365.9142932754464,0.0,336.99333333333334,0.0
2023-02-19 06:00:00+00:00,379.36597616147185,0.0,281.02333333333365,0.0
2023-02-19 07:00:00+00:00,407.29783676741954,0.0,281.9900000000001,0.0
2023-02-19 08:00:00+00:00,442.80111370352614,0.0,372.9733333333334,0.0
2023-02-19 09:00:00+00:00,452.203350912121,0.0,405.9783333333334,0.0
2023-02-19 10:00:00+00:00,442.90224299189833,0.0,352.0333333333336,0.0
2023-02-19 11:00:00+00:00,436.6807453356492,0.0,452.95333333333326,0.0
2023-02-19 12:00:00+00:00,425.42504557365515,0.0,463.99999999999994,0.0
2023-02-19 13:00:00+00:00,415.4830270994839,0.0,471.99333333333334,0.0
2023-02-19 14:00:00+00:00,416.38664434949106,0.0,477.00833333333367,0.0
2023-02-19 15:00:00+00:00,400.4566280708066,0.0,429.0399999999999,0.0
2023-02-19 16:00:00+00:00,404.9811612162965,0.0,336.9866666666665,0.0
2023-02-19 17:00:00+00:00,406.4404555182807,0.0,471.9733333333333,0.0
2023-02-19 18:00:00+00:00,396.97556749584936,0.0,531.9816666666665,0.0
2023-02-19 19:00:00+00:00,395.9409042112023,0.0,556.0016666666667,0.0
2023-02-19 20:00:00+00:00,377.04651413312627,0.0,548.0016666666669,0.0
2023-02-19 21:00:00+00:00,380.5619514162051,0.0,502.01,0.0
2023-02-19 22:00:00+00:00,362.341652723701,0.0,551.008333333333,0.0
2023-02-19 23:00:00+00:00,357.4062713910455,0.0,516.9916666666669,0.0
2023-02-20 00:00:00+00:00,344.7261288441013,0.0,501.01333333333355,0.0
2023-02-20 01:00:00+00:00,345.2162162661708,0.0,512.988333333333,0.0
2023-02-20 02:00:00+00:00,340.49933409564585,0.08966666666666664,538.9916666666664,0.0
2023-02-20 03:00:00+00:00,452.0422628959833,1.15,550.9949999999999,0.0
2023-02-20 04:00:00+00:00,573.673462079362,1.1,564.9866666666672,0.0
2023-02-20 05:00:00+00:00,767.0214283656463,1.1903333333333335,618.9799999999993,0.0
2023-02-20 06:00:00+00:00,695.9464029233751,0.37000000000000005,643.0066666666665,0.0
2023-02-20 07:00:00+00:00,593.1000468258014,0.049999999999999954,819.915,0.0
2023-02-20 08:00:00+00:00,545.9391077791639,0.08000000000000006,951.0183333333335,0.0
2023-02-20 09:00:00+00:00,533.8260142548907,0.0,833.0183333333329,0.0
2023-02-20 10:00:00+00:00,505.5673658703851,0.0,917.9783333333329,0.0
2023-02-20 11:00:00+00:00,475.1130438837996,0.07999999999999996,911.003333333333,0.0
2023-02-20 12:00:00+00:00,514.7964543574808,0.9994999999999998,909.9933333333332,0.0
2023-02-20 13:00:00+00:00,851.4098373461603,1.1005000000000003,921.010000000001,0.0
2023-02-20 14:00:00+00:00,997.8328708037227,0.049999999999999954,857.0250000000001,0.0
2023-02-20 15:00:00+00:00,638.3344998576439,0.0,751.0316666666665,0.0
2023-02-20 16:00:00+00:00,543.169572781484,0.0,683.9899999999996,0.0
2023-02-20 17:00:00+00:00,500.1372204153955,0.0,678.0133333333338,0.0
2023-02-20 18:00:00+00:00,477.4231521355114,0.0,706.9916666666664,0.0
2023-02-20 19:00:00+00:00,444.1718243871263,0.0,700.993333333334,0.0
2023-02-20 20:00:00+00:00,449.6636844028125,0.0,689.0050000000006,0.0
2023-02-20 21:00:00+00:00,412.6055837895911,0.0,695.0016666666662,0.0
2023-02-20 22:00:00+00:00,396.85224190155674,0.0,702.981666666667,0.0
2023-02-20 23:00:00+00:00,392.24896228370847,0.0,747.0016666666673,0.0
2023-02-21 00:00:00+00:00,373.94944892400457,0.0,734.0083333333334,0.0
2023-02-21 01:00:00+00:00,368.4078303925825,0.0,718.0000000000005,0.0
2023-02-21 02:00:00+00:00,361.1606416034732,0.0,715.0049999999991,0.0
2023-02-21 03:00:00+00:00,358.98125145369835,0.0,677.0199999999994,0.0
2023-02-21 04:00:00+00:00,371.29453738822156,0.0,597.0283333333329,0.0
2023-02-21 05:00:00+00:00,424.2528328714761,0.0,530.9949999999999,0.0
2023-02-21 06:00:00+00:00,447.383138392002,0.0,478.0399999999995,0.0
2023-02-21 07:00:00+00:00,459.80892471558604,0.0,449.99666666666667,0.0
2023-02-21 08:00:00+00:00,478.4766596836393,0.0,525.9666666666665,0.0
2023-02-21 09:00:00+00:00,493.7958274520148,0.0,563.9816666666674,0.0
2023-02-21 10:00:00+00:00,477.73658823190317,0.0,605.9916666666669,0.0
2023-02-21 11:00:00+00:00,476.3835887308391,0.0,561.0233333333333,0.0
2023-02-21 12:00:00+00:00,450.78920839725583,0.0,560.0133333333329,0.0
2023-02-21 13:00:00+00:00,447.52871020658,0.0,516.0050000000006,0.0
2023-02-21 14:00:00+00:00,451.3398684464102,0.0,448.015,0.0
2023-02-21 15:00:00+00:00,442.4684863423002,0.0,401.0183333333334,0.0
2023-02-21 16:00:00+00:00,440.254861990371,0.0,240.04999999999995,0.0
2023-02-21 17:00:00+00:00,434.2028285691831,0.0,220.97000000000006,0.0
2023-02-21 18:00:00+00:00,418.4864485571813,0.0,280.01000000000016,0.0
2023-02-21 19:00:00+00:00,426.1691975686688,0.0,284.9833333333335,0.0
2023-02-21 20:00:00+00:00,395.75419607753986,0.0,321.00000000000006,0.0
2023-02-21 21:00:00+00:00,383.16384477511156,0.0,285.02500000000015,0.0
2023-02-21 22:00:00+00:00,371.22776283797003,0.0,232.00499999999988,0.0
2023-02-21 23:00:00+00:00,366.78699310346997,0.0,206.00999999999993,0.0
2023-02-22 00:00:00+00:00,358.0429577659112,0.0,151.01333333333318,0.0
2023-02-22 01:00:00+00:00,343.4357253670437,0.0,116.00499999999991,0.0
2023-02-22 02:00:00+00:00,343.7108914909593,0.0,134.98,0.0
2023-02-22 03:00:00+00:00,336.83857564948795,0.0,149.01833333333354,0.0
2023-02-22 04:00:00+00:00,343.8048228635419,0.0,112.99166666666663,0.0
2023-02-22 05:00:00+00:00,389.33681159068936,0.0,156.00166666666672,0.0
2023-02-22 06:00:00+00:00,433.7595156011558,0.0,138.00499999999994,0.0
2023-02-22 07:00:00+00:00,443.8325383382655,0.0,165.97500000000005,0.0
2023-02-22 08:00:00+00:00,451.931293949382,0.0,249.99,0.0
2023-02-22 09:00:00+00:00,470.805738475198,0.0,283.9983333333332,0.0
2023-02-22 10:00:00+00:00,448.82444121694704,0.0,274.9816666666669,0.0
2023-02-22 11:00:00+00:00,450.38319113888224,0.0,308.00500000000045,0.0
2023-02-22 12:00:00+00:00,442.2843286889307,0.0,283.9966666666665,0.0
2023-02-22 13:00:00+00:00,455.53349439398283,0.0,350.9816666666667,0.0
2023-02-22 14:00:00+00:00,429.82000475382927,0.0,341.0149999999997,0.0
2023-02-22 15:00:00+00:00,423.06440458531745,0.0,330.9916666666664,0.0
2023-02-22 16:00:00+00:00,415.8553406885252,0.0,378.9816666666669,0.0
2023-02-22 17:00:00+00:00,403.5296413364921,0.0,432.99333333333334,0.0
2023-02-22 18:00:00+00:00,400.47768785005695,0.0,461.98833333333374,0.0
2023-02-22 19:00:00+00:00,409.6589684966883,0.0,517.9933333333336,0.0
2023-02-22 20:00:00+00:00,397.14061723191827,0.0,460.02666666666664,0.0
2023-02-22 21:00:00+00:00,368.9341000685137,0.0,412.996666666667,0.0
2023-02-22 22:00:00+00:00,361.18167750956,0.0,414.0083333333336,0.0
2023-02-22 23:00:00+00:00,356.1506820278417,0.0,404.003333333333,0.0
2023-02-23 00:00:00+00:00,340.5471645069292,0.0,377.00499999999994,0.0
2023-02-23 01:00:00+00:00,312.3622407382575,0.0,356.00833333333327,0.0
2023-02-23 02:00:00+00:00,308.656136238098,0.0,316.0083333333334,0.0
2023-02-23 03:00:00+00:00,288.2736623376949,0.0,259.02833333333314,0.0
2023-02-23 04:00:00+00:00,310.4631976764189,0.0,228.00333333333356,0.0
2023-02-23 05:00:00+00:00,337.26540377881156,0.0,209.99833333333362,0.0
2023-02-23 06:00:00+00:00,365.6934742181859,0.0,177.99833333333336,0.0
2023-02-23 07:00:00+00:00,422.92995506068786,0.0,230.98500000000016,0.0
2023-02-23 08:00:00+00:00,408.408077869533,0.0,242.995,0.0
2023-02-23 09:00:00+00:00,442.4308658649589,0.0,301.97833333333324,0.0
2023-02-23 10:00:00+00:00,436.77376259180033,0.0,339.0100000000004,0.0
2023-02-23 11:00:00+00:00,423.7449655835168,0.0,298.99833333333333,0.0
2023-02-23 12:00:00+00:00,403.4882680172451,0.0,358.98666666666645,0.0
2023-02-23 13:00:00+00:00,390.14820212067434,0.0,379.00999999999993,0.0
2023-02-23 14:00:00+00:00,382.11794038682484,0.0,321.0050000000004,0.0
2023-02-23 15:00:00+00:00,401.37100651178287,0.0,276.0183333333332,0.0
2023-02-23 16:00:00+00:00,390.9833525940857,0.0,283.97666666666674,0.0
2023-02-23 17:00:00+00:00,392.3373562999861,0.0,362.00000000000034,0.0
2023-02-23 18:00:00+00:00,409.4879550173777,0.049999999999999954,268.02666666666676,0.0
2023-02-23 19:00:00+00:00,429.79980782270195,0.09999999999999991,287.98666666666674,0.0
2023-02-23 20:00:00+00:00,372.67190769695594,0.0,282.9950000000002,0.0
2023-02-23 21:00:00+00:00,360.01985959846854,0.0,319.99333333333317,0.0
2023-02-23 22:00:00+00:00,332.40683699504103,0.0,330.99333333333294,0.0
2023-02-23 23:00:00+00:00,329.9679953220685,0.060000000000000046,302.00500000000034,0.0
2023-02-24 00:00:00+00:00,320.97024151130245,0.0,366.99333333333317,0.0
2023-02-24 01:00:00+00:00,298.5623872978716,0.0,374.98499999999996,0.0
2023-02-24 02:00:00+00:00,305.54435527309744,0.0,378.0066666666669,0.0
2023-02-24 03:00:00+00:00,296.24959498608075,0.0,341.01333333333326,0.0
2023-02-24 04:00:00+00:00,304.2887364360932,0.0,326.0100000000002,0.0
2023-02-24 05:00:00+00:00,338.4417447891005,0.0,241.99999999999986,0.0
2023-02-24 06:00:00+00:00,370.45928507488145,0.0,354.9800000000002,0.0
2023-02-24 07:00:00+00:00,467.99264471469576,0.0,424.97666666666623,0.0
2023-02-24 08:00:00+00:00,454.96190060959594,0.3596666666666668,518.9883333333337,0.0
2023-02-24 09:00:00+00:00,571.5744170189134,0.6303333333333335,506.99166666666656,0.0
2023-02-24 10:00:00+00:00,562.1623721558983,0.71,510.0066666666671,0.0
2023-02-24 11:00:00+00:00,734.5178798905433,1.4100000000000001,573.9766666666665,0.0
2023-02-24 12:00:00+00:00,802.8855977827616,1.2296666666666667,587.0050000000005,0.0
2023-02-24 13:00:00+00:00,816.3646956556619,0.5903333333333336,506.01500000000016,0.0
2023-02-24 14:00:00+00:00,580.4418464820498,0.0,468.0283333333331,0.0
2023-02-24 15:00:00+00:00,508.06981020848764,0.0,444.005,0.0
2023-02-24 16:00:00+00:00,486.06040832546927,0.8600000000000001,444.9733333333333,0.0
2023-02-24 17:00:00+00:00,491.5827153320759,0.4600000000000001,395.0333333333334,0.0
2023-02-24 18:00:00+00:00,476.7618208139757,0.3488333333333334,299.0283333333333,0.0
2023-02-24 19:00:00+00:00,544.0354772064322,0.8611666666666664,225.03666666666663,0.0
2023-02-24 20:00:00+00:00,493.93252481399014,0.0,113.00666666666659,0.0
2023-02-24 21:00:00+00:00,433.398544883945,0.0,105.01333333333324,0.0
2023-02-24 22:00:00+00:00,405.093938745936,0.0,105.99499999999985,0.0
2023-02-24 23:00:00+00:00,383.81366283694916,0.27,166.9716666666664,0.0
2023-02-25 00:00:00+00:00,417.8638178065885,0.37000000000000016,180.00333333333347,0.0
2023-02-25 01:00:00+00:00,473.0203040182047,0.43966666666666665,376.9033333333336,0.0
2023-02-25 02:00:00+00:00,650.1356602466954,0.6003333333333334,517.9783333333339,0.0
2023-02-25 03:00:00+00:00,689.3495239954701,0.4500000000000001,647.973333333334,0.0
2023-02-25 04:00:00+00:00,601.9405786706873,0.47966666666666674,703.0149999999992,0.0
2023-02-25 05:00:00+00:00,518.8472718931398,0.23033333333333325,642.9983333333331,0.0
2023-02-25 06:00:00+00:00,489.68960183928607,0.2999999999999999,636.02,0.0
2023-02-25 07:00:00+00:00,464.84008223437945,0.55,616.9833333333339,0.0
2023-02-25 08:00:00+00:00,567.3495406645735,0.18999999999999997,656.9933333333335,0.0
2023-02-25 09:00:00+00:00,649.4559266123418,0.0,676.0183333333334,0.0
2023-02-25 10:00:00+00:00,616.55723590688,0.5515000000000005,656.9916666666669,0.0
2023-02-25 11:00:00+00:00,675.0455122709857,0.0085,601.0099999999996,0.0
2023-02-25 12:00:00+00:00,651.4112035902468,0.0,583.9950000000007,0.0
2023-02-25 13:00:00+00:00,598.7734048136717,0.0,596.0000000000011,0.0
2023-02-25 14:00:00+00:00,546.431256397158,0.06999999999999995,576.0150000000002,0.0
2023-02-25 15:00:00+00:00,509.46711171508656,0.0,598.986666666667,0.0
2023-02-25 16:00:00+00:00,481.70025481411534,0.0,587.9949999999998,0.0
2023-02-25 17:00:00+00:00,468.52618150008607,0.0,583.0066666666667,0.0
2023-02-25 18:00:00+00:00,458.85237598965136,0.0,587.9849999999996,0.0
2023-02-25 19:00:00+00:00,425.924198391522,0.0,592.0183333333334,0.0
2023-02-25 20:00:00+00:00,400.5502921742705,0.0,552.0000000000001,0.0
2023-02-25 21:00:00+00:00,399.4261693783794,0.0,548.0216666666669,0.0
2023-02-25 22:00:00+00:00,385.7082084371035,0.0,513.0066666666668,0.0
2023-02-25 23:00:00+00:00,382.17539021624697,0.0,482.0083333333337,0.0
2023-02-26 00:00:00+00:00,367.2593600272147,0.0,446.0049999999998,0.0
2023-02-26 01:00:00+00:00,356.67925872441987,0.0,441.99500000000035,0.0
2023-02-26 02:00:00+00:00,349.2689487927375,0.0,387.0266666666668,0.0
2023-02-26 03:00:00+00:00,345.54228064675647,0.0,398.98999999999995,0.0
2023-02-26 04:00:00+00:00,348.46608649191734,0.0,384.99833333333333,0.0
2023-02-26 05:00:00+00:00,346.8826023752781,0.0,345.02,0.0
2023-02-26 06:00:00+00:00,355.9371092398865,0.0,326.00999999999993,0.0
2023-02-26 07:00:00+00:00,388.75410279333573,0.0,355.97666666666686,0.0
2023-02-26 08:00:00+00:00,429.855240193587,0.0,371.98666666666685,0.0
2023-02-26 09:00:00+00:00,442.26416692256277,0.0,361.0216666666668,0.0
2023-02-26 10:00:00+00:00,437.5838691686439,0.0,360.99166666666645,0.0
2023-02-26 11:00:00+00:00,427.05890142275535,0.0,411.0000000000003,0.0
2023-02-26 12:00:00+00:00,422.2494468358638,0.0,346.0083333333336,0.0
2023-02-26 13:00:00+00:00,424.4386353682996,0.0,362.99833333333305,0.0
2023-02-26 14:00:00+00:00,414.6841704839936,0.0,314.01999999999975,0.0
2023-02-26 15:00:00+00:00,393.9820313910759,0.0,264.0083333333331,0.0
2023-02-26 16:00:00+00:00,410.65356689403893,0.0,166.03166666666675,0.0
2023-02-26 17:00:00+00:00,408.81233847119034,0.0,149.99666666666667,0.0
2023-02-26 18:00:00+00:00,410.57225523434187,0.0,187.99500000000003,0.0
2023-02-26 19:00:00+00:00,393.62598226113334,0.0,179.98833333333326,0.0
2023-02-26 20:00:00+00:00,381.0696293141586,0.0,149.02833333333334,0.0
2023-02-26 21:00:00+00:00,372.86732948592766,0.0,145.00666666666658,0.0
2023-02-26 22:00:00+00:00,356.20052749608254,0.0,86.99500000000005,0.0
2023-02-26 23:00:00+00:00,354.3852354911001,0.0,115.98666666666666,0.0
2023-02-27 00:00:00+00:00,340.11446157039705,0.0,164.9933333333334,0.0
2023-02-27 01:00:00+00:00,327.3267709365854,0.0,138.01166666666666,0.0
2023-02-27 02:00:00+00:00,323.473310682162,0.0,104.99500000000002,0.0
2023-02-27 03:00:00+00:00,324.7051075186441,0.0,148.97833333333332,0.0
2023-02-27 04:00:00+00:00,324.66971906186325,0.0,218.01166666666657,0.0
2023-02-27 05:00:00+00:00,382.16241482782493,0.0,120.0216666666666,0.0
2023-02-27 06:00:00+00:00,428.5444496128851,0.0,132.98666666666665,0.0
2023-02-27 07:00:00+00:00,450.2626511815476,0.0,137.99999999999994,0.0
2023-02-27 08:00:00+00:00,439.64416227626856,0.0,174.99666666666675,0.0
2023-02-27 09:00:00+00:00,466.26735806087345,0.0,137.00833333333324,0.0
2023-02-27 10:00:00+00:00,453.71672508649647,0.0,102.0233333333332,0.0
2023-02-27 11:00:00+00:00,449.5718023346127,0.0,86.99333333333328,0.0
2023-02-27 12:00:00+00:00,414.09156477187565,0.0,150.97333333333333,0.0
2023-02-27 13:00:00+00:00,422.00535989570517,0.0,148.98833333333323,0.0
2023-02-27 14:00:00+00:00,414.65399506799656,0.0,173.02333333333317,0.0
2023-02-27 15:00:00+00:00,400.74095952099407,0.0,101.00833333333337,0.0
2023-02-27 16:00:00+00:00,385.8328893756601,0.0,51.02166666666661,0.0
2023-02-27 17:00:00+00:00,386.220535990452,0.0,16.999999999999996,0.0
2023-02-27 18:00:00+00:00,388.60614791882784,0.0,28.00666666666666,0.0
2023-02-27 19:00:00+00:00,392.16305902972294,0.0,34.99166666666669,0.0
2023-02-27 20:00:00+00:00,381.76326290660387,0.0,48.989999999999974,0.0
2023-02-27 21:00:00+00:00,356.7089433220531,0.0,69.99666666666668,0.0
2023-02-27 22:00:00+00:00,325.81613812876253,0.0,100.99333333333334,0.0
2023-02-27 23:00:00+00:00,306.58641308789043,0.0,117.98999999999995,0.0
2023-02-28 00:00:00+00:00,300.60613890920797,0.0,132.0033333333331,0.0
2023-02-28 01:00:00+00:00,303.8424614032833,0.0,144.99166666666667,0.0
2023-02-28 02:00:00+00:00,289.9953420858946,0.0,146.0066666666666,0.0
2023-02-28 03:00:00+00:00,286.01386595854177,0.0,149.99166666666656,0.0
2023-02-28 04:00:00+00:00,296.316942880332,0.0,177.99499999999995,0.0
2023-02-28 05:00:00+00:00,338.90706288294757,0.0,181.0,0.0
2023-02-28 06:00:00+00:00,400.03737675134295,0.0,195.99,0.0
2023-02-28 07:00:00+00:00,432.197758145176,0.0,194.00833333333335,0.0
2023-02-28 08:00:00+00:00,439.3224215040964,0.0,220.98333333333312,0.0
2023-02-28 09:00:00+00:00,422.51506836519417,0.0,299.9783333333334,0.0
2023-02-28 10:00:00+00:00,427.91511357780763,0.0,333.0033333333333,0.0
2023-02-28 11:00:00+00:00,426.97798115964207,0.0,325.99666666666656,0.0
2023-02-28 12:00:00+00:00,407.67482091453263,0.0,335.9983333333335,0.0
2023-02-28 13:00:00+00:00,418.1925170666914,0.0,327.00166666666655,0.0
2023-02-28 14:00:00+00:00,394.4074549592356,0.0,330.99833333333345,0.0
2023-02-28 15:00:00+00:00,400.63316354580485,0.0,336.0083333333333,0.0
2023-02-28 16:00:00+00:00,430.06145461692273,0.0,293.01166666666694,0.0
2023-02-28 17:00:00+00:00,386.59424771634207,0.0,304.9899999999997,0.0
2023-02-28 18:00:00+00:00,385.28929323503326,0.0,285.005,0.0
2023-02-28 19:00:00+00:00,373.55665642746976,0.0,244.00666666666646,0.0
2023-02-28 20:00:00+00:00,354.2188278805035,0.0,197.0133333333332,0.0
2023-02-28 21:00:00+00:00,349.244417952215,0.0,230.00333333333327,0.0
2023-02-28 22:00:00+00:00,324.71572008332754,0.0,216.9749999999997,0.0
2023-02-28 23:00:00+00:00,304.7410614653457,0.0,267.00500000000005,0.0
2023-03-01 00:00:00+00:00,317.9106736244444,0.0,4.4,0.0
