Time,Heatsink Temp.,Speed [RPM],Motor Voltage,Motor current
2022-02-04 11:26:42,31.0,0.0,0.0,0.0
2022-02-04 11:26:52,31.0,0.0,0.0,0.0
2022-02-04 11:27:02,31.0,0.0,0.0,0.0
2022-02-04 11:27:12,31.0,0.0,0.0,0.0
2022-02-04 11:27:22,31.0,0.0,0.0,0.0
2022-02-04 11:27:32,31.0,0.0,0.0,0.0
2022-02-04 11:27:42,31.0,0.0,0.0,0.0
2022-02-04 11:27:52,31.0,0.0,0.0,0.0
2022-02-04 11:28:02,31.0,0.0,0.0,0.0
2022-02-04 11:28:12,31.0,0.0,0.0,0.0
2022-02-04 11:28:22,31.0,0.0,0.0,0.0
2022-02-04 11:28:32,31.0,0.0,0.0,0.0
2022-02-04 11:28:42,31.0,0.0,0.0,0.0
2022-02-04 11:28:52,31.0,0.0,0.0,0.0
2022-02-04 11:29:02,31.0,0.0,0.0,0.0
2022-02-04 11:29:12,31.0,0.0,0.0,0.0
2022-02-04 11:29:22,31.0,0.0,0.0,0.0
2022-02-04 11:29:32,31.0,0.0,0.0,0.0
2022-02-04 11:29:42,31.0,0.0,0.0,0.0
2022-02-04 11:29:52,31.0,0.0,0.0,0.0
2022-02-04 11:30:02,31.0,0.0,0.0,0.0
2022-02-04 11:30:12,31.0,0.0,0.0,0.0
2022-02-04 11:30:22,31.0,0.0,0.0,0.0
2022-02-04 11:30:32,31.0,0.0,0.0,0.0
2022-02-04 11:30:42,31.0,0.0,0.0,0.0
2022-02-04 11:30:52,31.0,0.0,9.9,4.76
2022-02-04 11:31:02,32.0,0.0,9.9,4.76
2022-02-04 11:31:12,34.0,0.0,9.9,4.76
2022-02-04 11:31:22,35.0,0.0,9.8,4.76
2022-02-04 11:31:32,35.0,-499.0,127.2,4.99
2022-02-04 11:31:42,36.0,-500.0,127.2,4.99
2022-02-04 11:31:52,36.0,-498.0,127.0,4.99
2022-02-04 11:32:02,36.0,-500.0,127.2,5.0
2022-02-04 11:32:12,36.0,-500.0,127.2,4.99
2022-02-04 11:32:22,37.0,-500.0,127.1,5.0
2022-02-04 11:32:32,37.0,-498.0,127.1,5.0
2022-02-04 11:32:42,37.0,-500.0,127.1,4.99
2022-02-04 11:32:52,37.0,-499.0,127.1,5.0
2022-02-04 11:33:02,37.0,-498.0,127.1,5.0
2022-02-04 11:33:12,37.0,-500.0,127.2,5.0
2022-02-04 11:33:22,37.0,-500.0,127.1,4.99
2022-02-04 11:33:32,37.0,-500.0,127.2,5.0
2022-02-04 11:33:42,38.0,-500.0,127.2,5.01
2022-02-04 11:33:52,38.0,-500.0,127.0,4.99
2022-02-04 11:34:02,38.0,-500.0,127.2,4.99
2022-02-04 11:34:12,38.0,-500.0,127.1,5.0
2022-02-04 11:34:22,38.0,-500.0,127.2,4.99
2022-02-04 11:34:32,38.0,-498.0,127.2,4.98
2022-02-04 11:34:42,38.0,-500.0,127.3,5.0
2022-02-04 11:34:52,38.0,-498.0,127.2,4.99
2022-02-04 11:35:02,38.0,-498.0,127.1,4.98
2022-02-04 11:35:12,38.0,-500.0,127.2,4.99
2022-02-04 11:35:22,38.0,-498.0,127.0,5.0
2022-02-04 11:35:32,38.0,-500.0,127.3,4.99
2022-02-04 11:35:42,38.0,-498.0,127.1,5.0
2022-02-04 11:35:52,38.0,-499.0,127.1,4.99
2022-02-04 11:36:02,38.0,-500.0,127.2,4.99
2022-02-04 11:36:12,38.0,-500.0,127.2,4.99
2022-02-04 11:36:22,38.0,-500.0,127.2,4.98
2022-02-04 11:36:32,38.0,-498.0,127.1,4.98
2022-02-04 11:36:42,39.0,-500.0,127.2,5.0
2022-02-04 11:36:52,39.0,-499.0,127.2,4.99
2022-02-04 11:37:02,39.0,-500.0,127.1,4.99
2022-02-04 11:37:12,39.0,-499.0,127.2,5.0
2022-02-04 11:37:22,39.0,-500.0,127.1,4.99
2022-02-04 11:37:32,39.0,-500.0,127.2,5.0
2022-02-04 11:37:42,39.0,-499.0,127.2,5.0
2022-02-04 11:37:52,39.0,-498.0,127.3,4.99
2022-02-04 11:38:02,39.0,-498.0,127.1,5.0
2022-02-04 11:38:12,39.0,-500.0,127.3,4.99
2022-02-04 11:38:22,39.0,-500.0,127.1,4.99
2022-02-04 11:38:32,39.0,-500.0,127.2,4.99
2022-02-04 11:38:42,39.0,-498.0,127.2,4.99
2022-02-04 11:38:52,39.0,-500.0,127.1,4.99
2022-02-04 11:39:02,39.0,-498.0,127.3,4.98
2022-02-04 11:39:12,39.0,-500.0,127.2,4.99
2022-02-04 11:39:22,39.0,-500.0,127.1,5.0
2022-02-04 11:39:32,39.0,-500.0,127.1,5.0
2022-02-04 11:39:42,39.0,-500.0,127.1,4.99
2022-02-04 11:39:52,39.0,-499.0,127.2,4.99
2022-02-04 11:40:02,39.0,-498.0,127.3,4.99
2022-02-04 11:40:12,39.0,-498.0,127.1,4.99
2022-02-04 11:40:22,39.0,-498.0,127.2,5.0
2022-02-04 11:40:32,39.0,-500.0,127.3,4.99
2022-02-04 11:40:42,39.0,-500.0,127.3,4.99
2022-02-04 11:40:52,39.0,-499.0,127.1,5.0
2022-02-04 11:41:02,39.0,-500.0,127.2,4.99
2022-02-04 11:41:12,39.0,-500.0,127.2,4.99
2022-02-04 11:41:22,39.0,-500.0,127.1,4.99
2022-02-04 11:41:32,39.0,-500.0,127.1,4.98
2022-02-04 11:41:42,39.0,-500.0,127.3,4.98
2022-02-04 11:41:52,39.0,-499.0,127.2,5.0
2022-02-04 11:42:02,39.0,-498.0,127.0,4.99
2022-02-04 11:42:12,39.0,-504.0,131.0,4.82
2022-02-04 11:42:22,39.0,-502.0,131.1,4.82
2022-02-04 11:42:32,39.0,-502.0,131.1,4.82
2022-02-04 11:42:42,39.0,-385.0,90.1,4.83
2022-02-04 11:42:52,39.0,0.0,8.6,4.81
2022-02-04 11:43:02,39.0,0.0,8.7,4.81
2022-02-04 11:43:12,39.0,0.0,8.6,4.81
2022-02-04 11:43:22,39.0,0.0,8.6,4.81
2022-02-04 11:43:32,39.0,0.0,8.6,4.81
2022-02-04 11:43:42,39.0,0.0,8.4,4.81
2022-02-04 11:43:52,39.0,0.0,8.4,4.81
2022-02-04 11:44:02,39.0,0.0,8.3,4.81
2022-02-04 11:44:12,39.0,0.0,8.3,4.81
2022-02-04 11:44:22,39.0,0.0,8.2,4.81
2022-02-04 11:44:32,39.0,0.0,8.2,4.81
2022-02-04 11:44:42,39.0,0.0,8.3,4.81
2022-02-04 11:44:52,39.0,0.0,8.2,4.81
2022-02-04 11:45:02,39.0,0.0,8.3,4.81
2022-02-04 11:45:12,39.0,0.0,8.3,4.81
2022-02-04 11:45:22,39.0,0.0,8.3,4.81
2022-02-04 11:45:32,39.0,0.0,8.4,4.81
2022-02-04 11:45:42,39.0,0.0,8.5,4.81
2022-02-04 11:45:52,39.0,0.0,8.5,4.81
2022-02-04 11:46:02,39.0,0.0,8.6,4.81
2022-02-04 11:46:12,39.0,0.0,8.7,4.81
2022-02-04 11:46:22,39.0,0.0,8.7,4.81
2022-02-04 11:46:32,39.0,0.0,8.8,4.81
2022-02-04 11:46:42,39.0,0.0,8.8,4.81
2022-02-04 11:46:52,39.0,0.0,8.7,4.81
2022-02-04 11:47:02,39.0,0.0,8.8,4.81
2022-02-04 11:47:12,39.0,0.0,8.7,4.81
2022-02-04 11:47:22,39.0,0.0,8.7,4.81
2022-02-04 11:47:32,39.0,0.0,8.7,4.81
2022-02-04 11:47:42,39.0,0.0,8.7,4.81
2022-02-04 11:47:52,39.0,0.0,8.6,4.81
2022-02-04 11:48:02,39.0,0.0,8.6,4.81
2022-02-04 11:48:12,39.0,0.0,8.6,4.8
2022-02-04 11:48:22,39.0,0.0,8.7,4.8
2022-02-04 11:48:32,39.0,0.0,8.7,4.8
2022-02-04 11:48:42,39.0,0.0,8.6,4.8
2022-02-04 11:48:52,39.0,0.0,8.8,4.8
2022-02-04 11:49:02,39.0,0.0,8.8,4.8
2022-02-04 11:49:12,37.0,0.0,0.0,0.0
2022-02-04 11:49:22,36.0,0.0,0.0,0.0
2022-02-04 11:49:32,36.0,0.0,0.0,0.0
2022-02-04 11:49:42,36.0,0.0,0.0,0.0
2022-02-04 11:49:52,34.0,0.0,0.0,0.0
2022-02-04 11:50:02,34.0,0.0,0.0,0.0
2022-02-04 11:50:12,34.0,0.0,0.0,0.0
2022-02-04 11:50:22,33.0,0.0,0.0,0.0
2022-02-04 11:50:32,33.0,0.0,0.0,0.0
2022-02-04 11:50:42,33.0,0.0,0.0,0.0
2022-02-04 11:50:52,33.0,0.0,0.0,0.0
2022-02-04 11:51:02,32.0,0.0,0.0,0.0
2022-02-04 11:51:12,32.0,0.0,0.0,0.0
2022-02-04 11:51:22,32.0,0.0,0.0,0.0
2022-02-04 11:51:32,32.0,0.0,0.0,0.0
2022-02-04 11:51:42,32.0,0.0,0.0,0.0
2022-02-04 11:51:52,31.0,0.0,0.0,0.0
2022-02-04 11:52:02,31.0,0.0,0.0,0.0
2022-02-04 11:52:12,31.0,0.0,0.0,0.0
2022-02-04 11:52:22,31.0,0.0,0.0,0.0
2022-02-04 11:52:32,31.0,0.0,0.0,0.0
2022-02-04 11:52:42,31.0,0.0,0.0,0.0
2022-02-04 11:52:52,31.0,0.0,0.0,0.0
2022-02-04 11:53:02,31.0,0.0,0.0,0.0
2022-02-04 11:53:12,31.0,0.0,0.0,0.0
2022-02-04 11:53:22,31.0,0.0,0.0,0.0
2022-02-04 11:53:32,31.0,0.0,0.0,0.0
2022-02-04 11:53:42,31.0,0.0,0.0,0.0
2022-02-04 11:53:52,31.0,0.0,8.8,4.8
2022-02-04 11:54:02,31.0,0.0,8.8,4.8
2022-02-04 11:54:12,33.0,-446.0,111.3,5.3
2022-02-04 11:54:22,35.0,-445.0,111.4,5.27
2022-02-04 11:54:32,36.0,-444.0,111.3,5.28
2022-02-04 11:54:42,36.0,-446.0,111.5,5.27
2022-02-04 11:54:52,37.0,-445.0,111.4,5.26
2022-02-04 11:55:02,37.0,-446.0,111.4,5.28
2022-02-04 11:55:12,37.0,-444.0,111.3,5.27
2022-02-04 11:55:22,37.0,-446.0,111.4,5.27
2022-02-04 11:55:32,37.0,-444.0,111.5,5.26
2022-02-04 11:55:42,37.0,-446.0,111.3,5.26
2022-02-04 11:55:52,38.0,-446.0,111.3,5.28
2022-02-04 11:56:02,38.0,-446.0,111.4,5.28
2022-02-04 11:56:12,38.0,-446.0,111.3,5.28
2022-02-04 11:56:22,38.0,-445.0,111.3,5.27
2022-02-04 11:56:32,38.0,-446.0,111.5,5.26
2022-02-04 11:56:42,38.0,-446.0,111.3,5.28
2022-02-04 11:56:52,38.0,-444.0,111.1,5.27
2022-02-04 11:57:02,38.0,-446.0,111.3,5.28
2022-02-04 11:57:12,38.0,-445.0,111.3,5.27
2022-02-04 11:57:22,38.0,-444.0,111.3,5.26
2022-02-04 11:57:32,39.0,-444.0,111.3,5.28
2022-02-04 11:57:42,39.0,-444.0,111.4,5.27
2022-02-04 11:57:52,39.0,-446.0,111.4,5.27
2022-02-04 11:58:02,39.0,-443.0,111.1,5.27
2022-02-04 11:58:12,39.0,-444.0,111.4,5.27
2022-02-04 11:58:22,39.0,-445.0,111.4,5.27
2022-02-04 11:58:32,39.0,-444.0,111.2,5.3
2022-02-04 11:58:42,39.0,-446.0,111.4,5.28
2022-02-04 11:58:52,39.0,-444.0,111.4,5.27
2022-02-04 11:59:02,39.0,-444.0,111.3,5.28
2022-02-04 11:59:12,39.0,-443.0,111.3,5.28
2022-02-04 11:59:22,39.0,-446.0,111.3,5.28
2022-02-04 11:59:32,39.0,-446.0,111.4,5.27
2022-02-04 11:59:42,39.0,-446.0,111.5,5.27
2022-02-04 11:59:52,39.0,-444.0,111.4,5.28
2022-02-04 12:00:02,39.0,-446.0,111.3,5.26
2022-02-04 12:00:12,39.0,-445.0,111.4,5.28
2022-02-04 12:00:22,39.0,-446.0,111.3,5.28
2022-02-04 12:00:32,39.0,-444.0,111.3,5.28
2022-02-04 12:00:42,39.0,-444.0,111.4,5.27
2022-02-04 12:00:52,39.0,-445.0,111.4,5.27
2022-02-04 12:01:02,40.0,-445.0,111.3,5.28
2022-02-04 12:01:12,40.0,-446.0,111.3,5.26
2022-02-04 12:01:22,40.0,-446.0,111.3,5.27
2022-02-04 12:01:32,40.0,-445.0,111.4,5.28
2022-02-04 12:01:42,40.0,-446.0,111.3,5.28
2022-02-04 12:01:52,40.0,-444.0,111.3,5.26
2022-02-04 12:02:02,40.0,-444.0,111.4,5.26
2022-02-04 12:02:12,40.0,-444.0,111.4,5.27
2022-02-04 12:02:22,40.0,-445.0,111.4,5.27
2022-02-04 12:02:32,40.0,-444.0,111.3,5.26
2022-02-04 12:02:42,40.0,-444.0,111.4,5.25
2022-02-04 12:02:52,40.0,-444.0,111.3,5.27
2022-02-04 12:03:02,40.0,-446.0,111.3,5.27
2022-02-04 12:03:12,40.0,-445.0,111.4,5.27
2022-02-04 12:03:22,40.0,-445.0,111.4,5.26
2022-02-04 12:03:32,40.0,-443.0,111.3,5.26
2022-02-04 12:03:42,40.0,-445.0,111.1,5.28
2022-02-04 12:03:52,40.0,-446.0,111.2,5.27
2022-02-04 12:04:02,40.0,-445.0,111.4,5.27
2022-02-04 12:04:12,40.0,-446.0,111.3,5.27
2022-02-04 12:04:22,40.0,-444.0,111.2,5.27
2022-02-04 12:04:32,40.0,-444.0,111.2,5.27
2022-02-04 12:04:42,40.0,-445.0,111.4,5.27
2022-02-04 12:04:52,40.0,-444.0,111.4,5.28
2022-02-04 12:05:02,40.0,-446.0,111.4,5.27
2022-02-04 12:05:12,40.0,-446.0,111.4,5.26
2022-02-04 12:05:22,40.0,-445.0,111.3,5.28
2022-02-04 12:05:32,40.0,-445.0,111.5,5.26
2022-02-04 12:05:42,40.0,-452.0,117.7,4.8
2022-02-04 12:05:52,40.0,-451.0,117.7,4.79
2022-02-04 12:06:02,40.0,-450.0,117.6,4.82
2022-02-04 12:06:12,40.0,-452.0,117.6,4.81
2022-02-04 12:06:22,40.0,-451.0,117.6,4.82
2022-02-04 12:06:32,40.0,-450.0,117.6,4.81
2022-02-04 12:06:42,40.0,-452.0,117.7,4.81
2022-02-04 12:06:52,40.0,-450.0,117.6,4.79
2022-02-04 12:07:02,40.0,0.0,11.0,4.7
2022-02-04 12:07:12,40.0,0.0,11.1,4.7
2022-02-04 12:07:22,40.0,0.0,11.1,4.7
2022-02-04 12:07:32,40.0,0.0,11.1,4.7
2022-02-04 12:07:42,40.0,0.0,11.1,4.7
2022-02-04 12:07:52,41.0,0.0,11.1,4.7
2022-02-04 12:08:02,41.0,0.0,11.1,4.7
2022-02-04 12:08:12,41.0,0.0,11.1,4.7
2022-02-04 12:08:22,41.0,0.0,11.1,4.7
2022-02-04 12:08:32,41.0,0.0,11.0,4.7
2022-02-04 12:08:42,41.0,0.0,11.0,4.7
2022-02-04 12:08:52,41.0,0.0,11.1,4.7
2022-02-04 12:09:02,41.0,0.0,11.1,4.7
2022-02-04 12:09:12,41.0,0.0,11.1,4.7
2022-02-04 12:09:22,41.0,0.0,11.1,4.7
2022-02-04 12:09:32,41.0,0.0,11.1,4.7
2022-02-04 12:09:42,41.0,0.0,11.1,4.71
2022-02-04 12:09:52,41.0,0.0,0.0,0.0
2022-02-04 12:10:02,38.0,0.0,0.0,0.0
2022-02-04 12:10:12,37.0,0.0,0.0,0.0
2022-02-04 12:10:22,36.0,0.0,0.0,0.0
2022-02-04 12:10:32,36.0,0.0,0.0,0.0
2022-02-04 12:10:42,35.0,0.0,0.0,0.0
2022-02-04 12:10:52,35.0,0.0,0.0,0.0
2022-02-04 12:11:02,34.0,0.0,0.0,0.0
2022-02-04 12:11:12,34.0,0.0,0.0,0.0
2022-02-04 12:11:22,34.0,0.0,0.0,0.0
2022-02-04 12:11:32,33.0,0.0,0.0,0.0
2022-02-04 12:11:42,33.0,0.0,0.0,0.0
2022-02-04 12:11:52,33.0,0.0,0.0,0.0
2022-02-04 12:12:02,32.0,0.0,0.0,0.0
2022-02-04 12:12:12,32.0,0.0,0.0,0.0
2022-02-04 12:12:22,32.0,0.0,0.0,0.0
2022-02-04 12:12:32,32.0,0.0,0.0,0.0
2022-02-04 12:12:42,32.0,0.0,0.0,0.0
2022-02-04 12:12:52,32.0,0.0,0.0,0.0
2022-02-04 12:13:02,31.0,0.0,0.0,0.0
2022-02-04 12:13:12,31.0,0.0,0.0,0.0
2022-02-04 12:13:22,31.0,0.0,0.0,0.0
2022-02-04 12:13:32,31.0,0.0,0.0,0.0
2022-02-04 12:13:42,31.0,0.0,0.0,0.0
2022-02-04 12:13:52,31.0,0.0,0.0,0.0
2022-02-04 12:14:02,31.0,0.0,0.0,0.0
2022-02-04 12:14:12,31.0,0.0,0.0,0.0
2022-02-04 12:14:22,31.0,0.0,0.0,0.0
2022-02-04 12:14:32,31.0,0.0,0.0,0.0
2022-02-04 12:14:42,31.0,0.0,0.0,0.0
2022-02-04 12:14:52,31.0,0.0,0.0,0.0
2022-02-04 12:15:02,31.0,0.0,0.0,0.0
2022-02-04 12:15:12,31.0,0.0,0.0,0.0
2022-02-04 12:15:22,31.0,0.0,0.0,0.0
2022-02-04 12:15:32,31.0,0.0,0.0,0.0
2022-02-04 12:15:42,31.0,0.0,0.0,0.0
2022-02-04 12:15:52,31.0,0.0,0.0,0.0
2022-02-04 12:16:02,31.0,0.0,0.0,0.0
2022-02-04 12:16:12,31.0,0.0,0.0,0.0
2022-02-04 12:16:22,31.0,0.0,0.0,0.0
2022-02-04 12:16:32,31.0,0.0,0.0,0.0
2022-02-04 12:16:42,31.0,0.0,0.0,0.0
2022-02-04 12:16:52,31.0,0.0,0.0,0.0
2022-02-04 12:17:02,31.0,0.0,0.0,0.0
2022-02-04 12:17:12,31.0,0.0,0.0,0.0
2022-02-04 12:17:22,31.0,0.0,0.0,0.0
2022-02-04 12:17:32,31.0,0.0,0.0,0.0
2022-02-04 12:17:42,31.0,0.0,0.0,0.0
2022-02-04 12:17:52,31.0,0.0,0.0,0.0
2022-02-04 12:18:02,31.0,0.0,0.0,0.0
2022-02-04 12:18:12,31.0,0.0,0.0,0.0
2022-02-04 12:18:22,31.0,0.0,0.0,0.0
2022-02-04 12:18:32,31.0,0.0,0.0,0.0
2022-02-04 12:18:42,31.0,0.0,0.0,0.0
2022-02-04 12:18:52,31.0,0.0,0.0,0.0
2022-02-04 12:19:02,31.0,0.0,0.0,0.0
2022-02-04 12:19:12,31.0,0.0,0.0,0.0
2022-02-04 12:19:22,31.0,0.0,0.0,0.0
2022-02-04 12:19:32,31.0,0.0,0.0,0.0
2022-02-04 12:19:42,31.0,0.0,0.0,0.0
2022-02-04 12:19:52,31.0,0.0,0.0,0.0
2022-02-04 12:20:02,31.0,0.0,0.0,0.0
2022-02-04 12:20:12,31.0,0.0,0.0,0.0
2022-02-04 12:20:22,31.0,0.0,0.0,0.0
2022-02-04 12:20:32,31.0,0.0,0.0,0.0
2022-02-04 12:20:42,31.0,0.0,0.0,0.0
2022-02-04 12:20:52,31.0,0.0,0.0,0.0
2022-02-04 12:21:02,31.0,0.0,0.0,0.0
2022-02-04 12:21:12,31.0,0.0,0.0,0.0
2022-02-04 12:21:22,31.0,0.0,0.0,0.0
2022-02-04 12:21:32,31.0,0.0,0.0,0.0
2022-02-04 12:21:42,31.0,0.0,0.0,0.0
2022-02-04 12:21:52,31.0,0.0,0.0,0.0
2022-02-04 12:22:02,31.0,0.0,0.0,0.0
2022-02-04 12:22:12,31.0,0.0,0.0,0.0
2022-02-04 12:22:22,31.0,0.0,0.0,0.0
2022-02-04 12:22:32,31.0,0.0,0.0,0.0
2022-02-04 12:22:42,31.0,0.0,0.0,0.0
2022-02-04 12:22:52,31.0,0.0,11.1,4.71
2022-02-04 12:23:02,33.0,0.0,11.0,4.71
2022-02-04 12:23:12,36.0,-1038.0,257.4,7.32
2022-02-04 12:23:22,37.0,-1040.0,257.6,7.35
2022-02-04 12:23:32,38.0,-1039.0,257.3,7.33
2022-02-04 12:23:42,39.0,-1040.0,257.3,7.33
2022-02-04 12:23:52,39.0,-1040.0,257.3,7.35
2022-02-04 12:24:02,40.0,-1040.0,257.5,7.34
2022-02-04 12:24:12,40.0,-1038.0,257.1,7.34
2022-02-04 12:24:22,40.0,-1038.0,257.6,7.33
2022-02-04 12:24:32,41.0,-1039.0,257.3,7.32
2022-02-04 12:24:42,41.0,-1039.0,257.2,7.34
2022-02-04 12:24:52,41.0,-1040.0,257.6,7.33
2022-02-04 12:25:02,41.0,-1038.0,257.3,7.32
2022-02-04 12:25:12,42.0,-1039.0,257.3,7.35
2022-02-04 12:25:22,42.0,-1038.0,257.6,7.34
2022-02-04 12:25:32,42.0,-1039.0,257.4,7.35
2022-02-04 12:25:42,42.0,-1039.0,257.4,7.33
2022-02-04 12:25:52,42.0,-1038.0,257.6,7.34
2022-02-04 12:26:02,43.0,-1038.0,257.3,7.32
2022-02-04 12:26:12,43.0,-1040.0,257.4,7.34
2022-02-04 12:26:22,43.0,-1039.0,257.3,7.33
2022-02-04 12:26:32,43.0,-1040.0,257.2,7.35
2022-02-04 12:26:42,43.0,-1038.0,257.5,7.34
2022-02-04 12:26:52,43.0,-1039.0,257.4,7.33
2022-02-04 12:27:02,43.0,-1038.0,257.4,7.32
2022-02-04 12:27:12,44.0,-1038.0,257.3,7.33
2022-02-04 12:27:22,44.0,-1039.0,257.5,7.34
2022-02-04 12:27:32,44.0,-1039.0,257.4,7.35
2022-02-04 12:27:42,44.0,-1040.0,257.4,7.33
2022-02-04 12:27:52,44.0,-1038.0,257.3,7.32
2022-02-04 12:28:02,44.0,-1039.0,257.4,7.34
2022-02-04 12:28:12,44.0,-1038.0,257.1,7.33
2022-02-04 12:28:22,44.0,-1039.0,257.2,7.35
2022-02-04 12:28:32,44.0,-1040.0,257.3,7.33
2022-02-04 12:28:42,44.0,-1040.0,257.5,7.35
2022-02-04 12:28:52,44.0,-1039.0,257.2,7.34
2022-02-04 12:29:02,44.0,-1039.0,257.4,7.33
2022-02-04 12:29:12,44.0,-1039.0,257.2,7.32
2022-02-04 12:29:22,45.0,-1039.0,257.5,7.33
2022-02-04 12:29:32,45.0,-1039.0,257.1,7.33
2022-02-04 12:29:42,45.0,-1039.0,257.1,7.33
2022-02-04 12:29:52,45.0,-1039.0,257.4,7.33
2022-02-04 12:30:02,45.0,-1038.0,257.1,7.36
2022-02-04 12:30:12,45.0,-1038.0,257.4,7.34
2022-02-04 12:30:22,45.0,-1038.0,257.5,7.36
2022-02-04 12:30:32,45.0,-1039.0,257.1,7.33
2022-02-04 12:30:42,45.0,-1038.0,257.3,7.32
2022-02-04 12:30:52,45.0,-1038.0,257.3,7.35
2022-02-04 12:31:02,45.0,-1039.0,257.2,7.34
2022-02-04 12:31:12,45.0,-1039.0,257.1,7.33
2022-02-04 12:31:22,45.0,-1038.0,257.2,7.35
2022-02-04 12:31:32,45.0,-1039.0,257.4,7.33
2022-02-04 12:31:42,45.0,-1039.0,257.3,7.35
2022-02-04 12:31:52,45.0,-1038.0,257.3,7.33
2022-02-04 12:32:02,45.0,-1039.0,257.4,7.35
2022-02-04 12:32:12,45.0,-1039.0,257.5,7.33
2022-02-04 12:32:22,45.0,-1039.0,257.0,7.35
2022-02-04 12:32:32,45.0,-1038.0,257.1,7.33
2022-02-04 12:32:42,45.0,-1039.0,257.0,7.34
2022-02-04 12:32:52,45.0,-1038.0,257.5,7.32
2022-02-04 12:33:02,45.0,-1037.0,257.2,7.34
2022-02-04 12:33:12,45.0,-708.0,129.2,7.38
2022-02-04 12:33:22,46.0,-542.0,126.8,7.95
2022-02-04 12:33:32,46.0,-541.0,126.6,7.95
2022-02-04 12:33:42,46.0,-542.0,126.5,7.94
2022-02-04 12:33:52,46.0,-541.0,126.4,7.93
2022-02-04 12:34:02,46.0,-540.0,126.4,7.93
2022-02-04 12:34:12,46.0,-541.0,126.5,7.95
2022-02-04 12:34:22,46.0,-542.0,126.5,7.95
2022-02-04 12:34:32,46.0,-542.0,126.5,7.94
2022-02-04 12:34:42,46.0,-540.0,126.6,7.95
2022-02-04 12:34:52,46.0,-542.0,126.6,7.95
2022-02-04 12:35:02,46.0,-540.0,126.6,7.95
2022-02-04 12:35:12,46.0,-540.0,126.5,7.94
2022-02-04 12:35:22,46.0,-540.0,126.4,7.94
2022-02-04 12:35:32,46.0,-542.0,126.8,7.93
2022-02-04 12:35:42,46.0,-542.0,126.5,7.94
2022-02-04 12:35:52,46.0,-540.0,126.3,7.94
2022-02-04 12:36:02,46.0,-541.0,126.4,7.94
2022-02-04 12:36:12,46.0,-541.0,126.5,7.92
2022-02-04 12:36:22,46.0,-539.0,126.4,7.95
2022-02-04 12:36:32,46.0,-541.0,126.5,7.96
2022-02-04 12:36:42,46.0,-541.0,126.5,7.95
2022-02-04 12:36:52,46.0,-541.0,126.5,7.95
2022-02-04 12:37:02,46.0,-540.0,126.4,7.94
2022-02-04 12:37:12,46.0,-541.0,126.6,7.93
2022-02-04 12:37:22,46.0,-541.0,126.6,7.95
2022-02-04 12:37:32,46.0,-556.0,140.7,5.27
2022-02-04 12:37:42,45.0,0.0,0.0,0.0
2022-02-04 12:37:52,42.0,0.0,0.0,0.0
2022-02-04 12:38:02,40.0,0.0,0.0,0.0
2022-02-04 12:38:12,39.0,0.0,0.0,0.0
2022-02-04 12:38:22,38.0,0.0,0.0,0.0
2022-02-04 12:38:32,38.0,0.0,0.0,0.0
2022-02-04 12:38:42,37.0,0.0,0.0,0.0
2022-02-04 12:38:52,37.0,0.0,0.0,0.0
2022-02-04 12:39:02,37.0,0.0,0.0,0.0
2022-02-04 12:39:12,36.0,0.0,0.0,0.0
2022-02-04 12:39:22,36.0,0.0,0.0,0.0
2022-02-04 12:39:32,36.0,0.0,0.0,0.0
2022-02-04 12:39:42,35.0,0.0,0.0,0.0
2022-02-04 12:39:52,35.0,0.0,0.0,0.0
2022-02-04 10:20:01,30.0,0.0,0.0,0.0
2022-02-04 10:20:11,30.0,0.0,0.0,0.0
2022-02-04 10:20:21,30.0,0.0,0.0,0.0
2022-02-04 10:20:31,30.0,0.0,0.0,0.0
2022-02-04 10:20:41,30.0,0.0,0.0,0.0
2022-02-04 10:20:51,30.0,0.0,0.0,0.0
2022-02-04 10:21:01,30.0,0.0,0.0,0.0
2022-02-04 10:21:11,30.0,0.0,0.0,0.0
2022-02-04 10:21:21,30.0,0.0,0.0,0.0
2022-02-04 10:21:31,30.0,0.0,0.0,0.0
2022-02-04 10:21:41,30.0,0.0,0.0,0.0
2022-02-04 10:21:51,30.0,0.0,0.0,0.0
2022-02-04 10:22:01,30.0,0.0,0.0,0.0
2022-02-04 10:22:11,30.0,0.0,0.0,0.0
2022-02-04 10:22:21,30.0,0.0,0.0,0.0
2022-02-04 10:22:31,30.0,0.0,0.0,0.0
2022-02-04 10:22:41,30.0,0.0,0.0,0.0
2022-02-04 10:22:51,30.0,0.0,0.0,0.0
2022-02-04 10:23:01,30.0,0.0,0.0,0.0
2022-02-04 10:23:11,30.0,0.0,6.8,2.76
2022-02-04 10:23:21,30.0,0.0,6.8,2.8
2022-02-04 10:23:31,30.0,0.0,6.8,2.83
2022-02-04 10:23:41,30.0,0.0,6.8,2.78
2022-02-04 10:23:51,30.0,0.0,6.8,2.8
2022-02-04 10:24:01,31.0,0.0,6.8,2.8
2022-02-04 10:24:11,31.0,0.0,6.8,2.81
2022-02-04 10:24:21,31.0,0.0,6.8,2.83
2022-02-04 10:24:31,32.0,0.0,6.8,2.86
2022-02-04 10:24:41,32.0,0.0,6.8,2.87
2022-02-04 10:24:51,32.0,0.0,6.8,2.82
2022-02-04 10:25:01,32.0,0.0,6.8,2.87
2022-02-04 10:25:11,32.0,0.0,6.8,2.86
2022-02-04 10:25:21,33.0,0.0,6.8,2.83
2022-02-04 10:25:31,33.0,0.0,6.8,2.83
2022-02-04 10:25:41,33.0,0.0,6.8,2.89
2022-02-04 10:25:51,33.0,0.0,6.8,2.89
2022-02-04 10:26:01,33.0,0.0,6.8,2.88
2022-02-04 10:26:11,33.0,0.0,6.8,2.88
2022-02-04 10:26:21,34.0,0.0,6.8,2.88
2022-02-04 10:26:31,34.0,0.0,6.8,2.89
2022-02-04 10:26:41,34.0,0.0,6.8,2.88
2022-02-04 10:26:51,34.0,0.0,6.8,2.85
2022-02-04 10:27:01,34.0,0.0,6.8,2.83
2022-02-04 10:27:11,34.0,0.0,6.8,2.84
2022-02-04 10:27:21,34.0,0.0,6.8,2.89
2022-02-04 10:27:31,35.0,0.0,6.8,2.84
2022-02-04 10:27:41,35.0,0.0,6.8,2.84
2022-02-04 10:27:51,35.0,0.0,6.8,2.83
2022-02-04 10:28:01,35.0,0.0,6.8,2.85
2022-02-04 10:28:11,35.0,0.0,6.8,2.89
2022-02-04 10:28:21,38.0,1085.0,291.2,5.53
2022-02-04 10:28:31,39.0,1085.0,291.2,5.56
2022-02-04 10:28:41,39.0,1085.0,291.2,5.54
2022-02-04 10:28:51,39.0,1085.0,291.2,5.52
2022-02-04 10:29:01,39.0,1085.0,291.2,5.53
2022-02-04 10:29:11,39.0,1085.0,291.2,5.53
2022-02-04 10:29:21,39.0,1085.0,291.2,5.52
2022-02-04 10:29:31,39.0,1085.0,291.2,5.52
2022-02-04 10:29:41,39.0,1085.0,291.2,5.53
2022-02-04 10:29:51,39.0,1085.0,291.2,5.52
2022-02-04 10:30:01,39.0,1085.0,291.2,5.51
2022-02-04 10:30:11,39.0,1085.0,291.2,5.52
2022-02-04 10:30:21,39.0,1085.0,291.2,5.54
2022-02-04 10:30:31,39.0,1085.0,291.2,5.53
2022-02-04 10:30:41,39.0,1085.0,291.2,5.53
2022-02-04 10:30:51,39.0,1085.0,291.2,5.52
2022-02-04 10:31:01,39.0,1085.0,291.2,5.54
2022-02-04 10:31:11,39.0,1085.0,291.2,5.52
2022-02-04 10:31:21,39.0,1085.0,291.2,5.52
2022-02-04 10:31:31,39.0,1085.0,291.2,5.53
2022-02-04 10:31:41,39.0,1085.0,291.2,5.54
2022-02-04 10:31:51,39.0,1085.0,291.2,5.53
2022-02-04 10:32:01,39.0,1085.0,291.2,5.54
2022-02-04 10:32:11,39.0,1085.0,291.2,5.53
2022-02-04 10:32:21,39.0,1085.0,291.2,5.52
2022-02-04 10:32:31,39.0,1085.0,291.2,5.52
2022-02-04 10:32:41,39.0,1085.0,291.2,5.54
2022-02-04 10:32:51,39.0,1085.0,291.2,5.54
2022-02-04 10:33:01,39.0,1085.0,291.2,5.53
2022-02-04 10:33:11,39.0,1085.0,291.2,5.5
2022-02-04 10:33:21,39.0,1085.0,291.2,5.54
2022-02-04 10:33:31,39.0,1085.0,291.2,5.53
2022-02-04 10:33:41,39.0,1085.0,291.2,5.53
2022-02-04 10:33:51,39.0,1085.0,291.2,5.54
2022-02-04 10:34:01,39.0,1085.0,291.2,5.53
2022-02-04 10:34:11,39.0,1085.0,291.2,5.51
2022-02-04 10:34:21,39.0,1085.0,291.2,5.51
2022-02-04 10:34:31,39.0,1085.0,291.2,5.52
2022-02-04 10:34:41,39.0,1085.0,291.2,5.54
2022-02-04 10:34:51,39.0,1085.0,291.2,5.54
2022-02-04 10:35:01,39.0,1085.0,291.2,5.53
2022-02-04 10:35:11,39.0,1085.0,291.2,5.5
2022-02-04 10:35:21,39.0,1085.0,291.2,5.51
2022-02-04 10:35:31,39.0,1085.0,291.2,5.53
2022-02-04 10:35:41,39.0,1085.0,291.2,5.54
2022-02-04 10:35:51,39.0,1085.0,291.2,5.53
2022-02-04 10:36:01,39.0,1085.0,291.2,5.54
2022-02-04 10:36:11,39.0,1085.0,291.2,5.52
2022-02-04 10:36:21,39.0,1085.0,291.2,5.52
2022-02-04 10:36:31,39.0,1085.0,291.2,5.55
2022-02-04 10:36:41,39.0,1085.0,291.2,5.53
2022-02-04 10:36:51,39.0,1085.0,291.2,5.52
2022-02-04 10:37:01,39.0,1085.0,291.2,5.52
2022-02-04 10:37:11,39.0,1085.0,291.2,5.52
2022-02-04 10:37:21,39.0,1085.0,291.2,5.54
2022-02-04 10:37:31,39.0,1085.0,291.2,5.54
2022-02-04 10:37:41,39.0,1085.0,291.2,5.52
2022-02-04 10:37:51,39.0,1085.0,291.2,5.52
2022-02-04 10:38:01,39.0,1085.0,291.2,5.53
2022-02-04 10:38:11,39.0,1085.0,291.2,5.53
2022-02-04 10:38:21,39.0,1010.0,269.5,5.41
2022-02-04 10:38:31,40.0,0.0,6.8,2.81
2022-02-04 10:38:41,40.0,0.0,6.8,2.8
2022-02-04 10:38:51,40.0,0.0,6.8,2.8
2022-02-04 10:39:01,40.0,0.0,6.8,2.8
2022-02-04 10:39:11,40.0,0.0,6.8,2.38
2022-02-04 10:39:21,39.0,0.0,6.8,2.77
2022-02-04 10:39:31,39.0,0.0,6.8,2.77
2022-02-04 10:39:41,39.0,0.0,6.8,2.78
2022-02-04 10:39:51,39.0,0.0,6.8,2.8
2022-02-04 10:40:01,39.0,0.0,6.8,2.77
2022-02-04 10:40:11,39.0,0.0,6.8,2.8
2022-02-04 10:40:21,39.0,0.0,6.8,2.79
2022-02-04 10:40:31,39.0,0.0,6.8,2.77
2022-02-04 10:40:41,39.0,0.0,6.8,2.81
2022-02-04 10:40:51,38.0,0.0,6.8,2.77
2022-02-04 10:41:01,38.0,0.0,6.8,2.77
2022-02-04 10:41:11,38.0,0.0,6.8,2.82
2022-02-04 10:41:21,38.0,0.0,6.8,2.77
2022-02-04 10:41:31,38.0,0.0,6.8,2.77
2022-02-04 10:41:41,38.0,0.0,6.8,2.82
2022-02-04 10:41:51,38.0,0.0,6.8,2.81
2022-02-04 10:42:01,38.0,0.0,6.8,2.81
2022-02-04 10:42:11,38.0,0.0,6.8,2.77
2022-02-04 10:42:21,38.0,0.0,6.8,2.81
2022-02-04 10:42:31,38.0,0.0,6.8,2.81
2022-02-04 10:42:41,38.0,0.0,6.8,2.82
2022-02-04 10:42:51,38.0,0.0,6.8,2.81
2022-02-04 10:43:01,38.0,0.0,6.8,2.81
2022-02-04 10:43:11,38.0,0.0,6.8,2.77
2022-02-04 10:43:21,38.0,0.0,6.8,2.81
2022-02-04 10:43:31,38.0,0.0,6.8,2.82
2022-02-04 10:43:41,37.0,0.0,6.8,2.82
2022-02-04 10:43:51,37.0,0.0,6.8,2.81
2022-02-04 10:44:01,37.0,0.0,6.8,2.82
2022-02-04 10:44:11,37.0,0.0,6.8,2.8
2022-02-04 10:44:21,37.0,0.0,6.8,2.78
2022-02-04 10:44:31,37.0,0.0,6.8,2.81
2022-02-04 10:44:41,37.0,0.0,6.8,2.81
2022-02-04 10:44:51,37.0,0.0,6.8,2.81
2022-02-04 10:45:01,37.0,77.0,27.0,6.64
2022-02-04 10:45:11,38.0,77.0,26.9,6.66
2022-02-04 10:45:21,38.0,77.0,27.1,6.64
2022-02-04 10:45:31,38.0,77.0,27.1,6.71
2022-02-04 10:45:41,39.0,77.0,27.1,6.64
2022-02-04 10:45:51,39.0,77.0,27.1,6.64
2022-02-04 10:46:01,39.0,77.0,27.0,6.61
2022-02-04 10:46:11,39.0,77.0,27.0,6.63
2022-02-04 10:46:21,39.0,77.0,27.2,6.64
2022-02-04 10:46:31,40.0,77.0,26.8,6.6
2022-02-04 10:46:41,40.0,77.0,27.1,6.58
2022-02-04 10:46:51,40.0,77.0,26.8,6.6
2022-02-04 10:47:01,40.0,77.0,27.2,6.62
2022-02-04 10:47:11,40.0,77.0,27.1,6.6
2022-02-04 10:47:21,40.0,77.0,26.8,6.57
2022-02-04 10:47:31,40.0,77.0,26.9,6.66
2022-02-04 10:47:41,40.0,77.0,26.9,6.57
2022-02-04 10:47:51,41.0,77.0,26.8,6.6
2022-02-04 10:48:01,41.0,77.0,26.9,6.56
2022-02-04 10:48:11,41.0,77.0,26.8,6.67
2022-02-04 10:48:21,41.0,77.0,27.0,6.55
2022-02-04 10:48:31,41.0,77.0,26.9,6.67
2022-02-04 10:48:41,41.0,77.0,27.0,6.56
2022-02-04 10:48:51,41.0,77.0,26.8,6.62
2022-02-04 10:49:01,41.0,77.0,27.1,6.57
2022-02-04 10:49:11,41.0,77.0,26.9,6.69
2022-02-04 10:49:21,41.0,77.0,27.0,6.55
2022-02-04 10:49:31,41.0,77.0,27.0,6.61
2022-02-04 10:49:41,41.0,77.0,26.9,6.57
2022-02-04 10:49:51,41.0,77.0,26.8,6.66
2022-02-04 10:50:01,41.0,77.0,27.1,6.65
2022-02-04 10:50:11,41.0,77.0,26.9,6.66
2022-02-04 10:50:21,42.0,77.0,26.9,6.55
2022-02-04 10:50:31,42.0,77.0,27.1,6.62
2022-02-04 10:50:41,42.0,77.0,26.9,6.61
2022-02-04 10:50:51,42.0,77.0,26.9,6.6
2022-02-04 10:51:01,42.0,77.0,27.0,6.56
2022-02-04 10:51:11,42.0,77.0,27.0,6.61
2022-02-04 10:51:21,42.0,77.0,27.0,6.55
2022-02-04 10:51:31,42.0,77.0,26.9,6.6
2022-02-04 10:51:41,42.0,77.0,26.9,6.57
2022-02-04 10:51:51,42.0,77.0,26.8,6.6
2022-02-04 10:52:01,42.0,77.0,26.9,6.51
2022-02-04 10:52:11,42.0,77.0,27.1,6.61
2022-02-04 10:52:21,42.0,77.0,27.0,6.62
2022-02-04 10:52:31,42.0,77.0,26.8,6.57
2022-02-04 10:52:41,42.0,77.0,26.9,6.6
2022-02-04 10:52:51,42.0,77.0,27.0,6.59
2022-02-04 10:53:01,42.0,77.0,26.8,6.62
2022-02-04 10:53:11,42.0,77.0,27.1,6.57
2022-02-04 10:53:21,42.0,77.0,26.9,6.6
2022-02-04 10:53:31,42.0,77.0,27.1,6.59
2022-02-04 10:53:41,42.0,77.0,27.0,6.58
2022-02-04 10:53:51,42.0,77.0,27.1,6.65
2022-02-04 10:54:01,42.0,77.0,27.0,6.62
2022-02-04 10:54:11,42.0,77.0,27.1,6.61
2022-02-04 10:54:21,42.0,77.0,26.8,6.6
2022-02-04 10:54:31,42.0,77.0,27.0,6.61
2022-02-04 10:54:41,42.0,77.0,27.1,6.59
2022-02-04 10:54:51,42.0,77.0,26.8,6.57
2022-02-04 10:55:01,42.0,77.0,26.9,6.58
2022-02-04 10:55:11,42.0,77.0,27.0,6.6
2022-02-04 10:55:21,42.0,77.0,27.0,6.62
2022-02-04 10:55:31,42.0,77.0,27.1,6.55
2022-02-04 10:55:41,42.0,77.0,26.9,6.6
2022-02-04 10:55:51,42.0,77.0,27.0,6.61
2022-02-04 10:56:01,42.0,77.0,26.9,6.63
2022-02-04 10:56:11,42.0,77.0,26.9,6.55
2022-02-04 10:56:21,42.0,77.0,27.1,6.6
2022-02-04 10:56:31,42.0,77.0,26.9,6.59
2022-02-04 10:56:41,42.0,77.0,26.9,6.58
2022-02-04 10:56:51,42.0,77.0,27.1,6.54
2022-02-04 10:57:01,42.0,77.0,27.1,6.56
2022-02-04 10:57:11,42.0,77.0,27.0,6.54
2022-02-04 10:57:21,42.0,77.0,27.1,6.58
2022-02-04 10:57:31,42.0,77.0,27.0,6.54
2022-02-04 10:57:41,42.0,77.0,26.8,6.6
2022-02-04 10:57:51,42.0,77.0,27.1,6.55
2022-02-04 10:58:01,42.0,77.0,26.9,6.65
2022-02-04 10:58:11,42.0,77.0,26.9,6.55
2022-02-04 10:58:21,42.0,77.0,27.0,6.66
2022-02-04 10:58:31,42.0,77.0,26.9,6.58
2022-02-04 10:58:41,42.0,77.0,27.0,6.62
2022-02-04 10:58:51,42.0,77.0,27.1,6.56
2022-02-04 10:59:01,42.0,77.0,26.9,6.61
2022-02-04 10:59:11,42.0,77.0,26.9,6.56
2022-02-04 10:59:21,42.0,77.0,27.0,6.61
2022-02-04 10:59:31,42.0,0.0,6.8,2.88
2022-02-04 10:59:41,41.0,0.0,6.8,2.71
2022-02-04 10:59:51,40.0,0.0,0.0,0.0
2022-02-04 11:00:01,38.0,0.0,0.0,0.0
2022-02-04 11:00:11,37.0,0.0,0.0,0.0
2022-02-04 11:00:21,36.0,0.0,0.0,0.0
2022-02-04 11:00:31,36.0,0.0,0.0,0.0
2022-02-04 11:00:41,35.0,0.0,0.0,0.0
2022-02-04 11:00:51,35.0,0.0,0.0,0.0
2022-02-04 11:01:01,34.0,0.0,0.0,0.0
2022-02-04 11:01:11,34.0,0.0,0.0,0.0
2022-02-04 11:01:21,34.0,0.0,0.0,0.0
2022-02-04 11:01:31,33.0,0.0,0.0,0.0
2022-02-04 11:01:41,33.0,0.0,0.0,0.0
2022-02-04 11:01:51,33.0,0.0,0.0,0.0
2022-02-04 11:02:01,33.0,0.0,0.0,0.0
2022-02-04 11:02:11,32.0,0.0,0.0,0.0
2022-02-04 11:02:21,32.0,0.0,0.0,0.0
2022-02-04 11:02:31,32.0,0.0,0.0,0.0
2022-02-04 11:02:41,32.0,0.0,0.0,0.0
2022-02-04 11:02:51,32.0,0.0,0.0,0.0
2022-02-04 11:03:01,31.0,0.0,0.0,0.0
2022-02-04 11:03:11,31.0,0.0,0.0,0.0
2022-02-04 11:03:21,31.0,0.0,0.0,0.0
2022-02-04 11:03:31,31.0,0.0,0.0,0.0
2022-02-04 11:03:41,31.0,0.0,0.0,0.0
2022-02-04 11:03:51,31.0,0.0,6.8,2.75
2022-02-04 11:04:01,31.0,0.0,6.8,2.75
2022-02-04 11:04:11,33.0,836.0,225.9,5.82
2022-02-04 11:04:21,37.0,836.0,225.9,8.03
2022-02-04 11:04:31,38.0,836.0,225.9,8.04
2022-02-04 11:04:41,39.0,836.0,225.9,8.08
2022-02-04 11:04:51,40.0,836.0,225.9,8.02
2022-02-04 11:05:01,40.0,836.0,225.9,8.03
2022-02-04 11:05:11,41.0,836.0,225.9,8.05
2022-02-04 11:05:21,41.0,836.0,225.9,8.07
2022-02-04 11:05:31,41.0,836.0,225.9,8.05
2022-02-04 11:05:41,42.0,836.0,225.9,8.08
2022-02-04 11:05:51,42.0,836.0,225.9,8.04
2022-02-04 11:06:01,42.0,836.0,225.9,8.03
2022-02-04 11:06:11,43.0,836.0,225.9,8.07
2022-02-04 11:06:21,43.0,836.0,225.9,8.05
2022-02-04 11:06:31,43.0,836.0,225.9,8.03
2022-02-04 11:06:41,43.0,836.0,225.9,8.03
2022-02-04 11:06:51,43.0,836.0,225.9,8.07
2022-02-04 11:07:01,43.0,836.0,225.9,8.03
2022-02-04 11:07:11,43.0,836.0,225.9,8.07
2022-02-04 11:07:21,44.0,836.0,225.9,8.07
2022-02-04 11:07:31,44.0,836.0,225.9,8.06
2022-02-04 11:07:41,44.0,836.0,225.9,8.05
2022-02-04 11:07:51,44.0,836.0,225.9,8.04
2022-02-04 11:08:01,44.0,836.0,226.0,8.03
2022-02-04 11:08:11,44.0,836.0,225.9,8.04
2022-02-04 11:08:21,44.0,836.0,225.9,8.03
2022-02-04 11:08:31,44.0,836.0,225.9,8.04
2022-02-04 11:08:41,44.0,836.0,225.9,8.03
2022-02-04 11:08:51,44.0,836.0,225.9,8.04
2022-02-04 11:09:01,45.0,836.0,226.0,8.06
2022-02-04 11:09:11,45.0,836.0,225.9,8.07
2022-02-04 11:09:21,45.0,836.0,225.9,8.04
2022-02-04 11:09:31,45.0,836.0,225.9,8.06
2022-02-04 11:09:41,45.0,836.0,225.9,8.05
2022-02-04 11:09:51,45.0,836.0,225.9,8.04
2022-02-04 11:10:01,45.0,836.0,225.9,8.06
2022-02-04 11:10:11,45.0,836.0,225.9,8.04
2022-02-04 11:10:21,45.0,836.0,225.9,8.02
2022-02-04 11:10:31,45.0,836.0,225.9,8.04
2022-02-04 11:10:41,45.0,836.0,225.9,8.04
2022-02-04 11:10:51,45.0,836.0,225.9,8.06
2022-02-04 11:11:01,45.0,836.0,225.9,8.01
2022-02-04 11:11:11,45.0,836.0,225.9,8.02
2022-02-04 11:11:21,45.0,836.0,225.9,8.03
2022-02-04 11:11:31,45.0,836.0,225.9,8.04
2022-02-04 11:11:41,45.0,836.0,226.0,8.06
2022-02-04 11:11:51,45.0,836.0,225.9,8.03
2022-02-04 11:12:01,45.0,836.0,225.9,8.06
2022-02-04 11:12:11,45.0,836.0,225.9,8.05
2022-02-04 11:12:21,45.0,836.0,226.0,8.04
2022-02-04 11:12:31,45.0,836.0,225.9,8.04
2022-02-04 11:12:41,45.0,836.0,226.0,8.02
2022-02-04 11:12:51,45.0,836.0,225.9,8.07
2022-02-04 11:13:01,45.0,836.0,225.9,8.05
2022-02-04 11:13:11,45.0,836.0,225.9,8.05
2022-02-04 11:13:21,46.0,836.0,225.9,8.04
2022-02-04 11:13:31,46.0,836.0,225.9,8.01
2022-02-04 11:13:41,46.0,836.0,225.9,8.06
2022-02-04 11:13:51,46.0,836.0,225.9,8.08
2022-02-04 11:14:01,46.0,836.0,225.9,8.04
2022-02-04 11:14:11,46.0,836.0,225.9,8.04
2022-02-04 11:14:21,46.0,836.0,225.9,8.02
2022-02-04 11:14:31,46.0,836.0,225.9,8.02
2022-02-04 11:14:41,46.0,836.0,225.9,8.06
2022-02-04 11:14:51,46.0,836.0,225.9,8.04
2022-02-04 11:15:01,46.0,836.0,225.9,8.01
2022-02-04 11:15:11,46.0,836.0,225.9,8.03
2022-02-04 11:15:21,46.0,0.0,6.8,2.71
2022-02-04 11:15:31,44.0,0.0,6.8,2.71
2022-02-04 11:15:41,42.0,0.0,0.0,0.0
2022-02-04 11:15:51,39.0,0.0,0.0,0.0
2022-02-04 11:16:01,38.0,0.0,0.0,0.0
2022-02-04 11:16:11,38.0,0.0,0.0,0.0
2022-02-04 11:16:21,37.0,0.0,0.0,0.0
2022-02-04 11:16:31,37.0,0.0,0.0,0.0
2022-02-04 11:16:41,36.0,0.0,0.0,0.0
2022-02-04 11:16:51,36.0,0.0,0.0,0.0
2022-02-04 11:17:01,36.0,0.0,0.0,0.0
2022-02-04 11:17:11,35.0,0.0,0.0,0.0
2022-02-04 11:17:21,35.0,0.0,0.0,0.0
2022-02-04 11:17:31,34.0,0.0,0.0,0.0
2022-02-04 11:17:41,34.0,0.0,0.0,0.0
2022-02-04 11:17:51,34.0,0.0,0.0,0.0
2022-02-04 11:18:01,34.0,0.0,0.0,0.0
2022-02-04 11:18:11,33.0,0.0,0.0,0.0
2022-02-04 11:18:21,33.0,0.0,0.0,0.0
2022-02-04 11:18:31,33.0,0.0,0.0,0.0
2022-02-04 11:18:41,33.0,0.0,0.0,0.0
2022-02-04 11:18:51,32.0,0.0,0.0,0.0
2022-02-04 11:19:01,32.0,0.0,0.0,0.0
2022-02-04 11:19:11,32.0,0.0,0.0,0.0
2022-02-04 11:19:21,32.0,0.0,0.0,0.0
2022-02-04 11:19:31,32.0,0.0,0.0,0.0
2022-02-04 11:19:41,32.0,0.0,0.0,0.0
2022-02-04 11:19:51,31.0,0.0,0.0,0.0
2022-02-04 11:20:01,31.0,0.0,0.0,0.0
2022-02-04 11:20:11,31.0,0.0,0.0,0.0
2022-02-04 11:20:21,31.0,0.0,0.0,0.0
2022-02-04 11:20:31,31.0,0.0,0.0,0.0
2022-02-04 11:20:41,31.0,0.0,0.0,0.0
2022-02-04 11:20:51,31.0,0.0,0.0,0.0
2022-02-04 11:21:01,31.0,0.0,0.0,0.0
2022-02-04 11:21:11,31.0,0.0,0.0,0.0
2022-02-04 11:21:21,31.0,0.0,0.0,0.0
2022-02-04 11:21:31,31.0,0.0,0.0,0.0
2022-02-04 11:21:41,31.0,0.0,0.0,0.0
2022-02-04 11:21:51,31.0,0.0,0.0,0.0
2022-02-04 11:22:01,31.0,0.0,0.0,0.0
2022-02-04 11:22:11,31.0,0.0,0.0,0.0
2022-02-04 11:22:21,31.0,0.0,0.0,0.0
2022-02-04 11:22:31,31.0,0.0,0.0,0.0
2022-02-04 11:22:41,31.0,0.0,0.0,0.0
2022-02-04 11:22:51,31.0,0.0,0.0,0.0
2022-02-04 11:23:01,31.0,0.0,0.0,0.0
2022-02-04 11:23:11,31.0,0.0,0.0,0.0
2022-02-04 11:23:21,31.0,0.0,0.0,0.0
2022-02-04 11:23:31,31.0,0.0,0.0,0.0
2022-02-04 11:23:41,31.0,0.0,0.0,0.0
2022-02-04 11:23:51,31.0,0.0,0.0,0.0
2022-02-04 11:24:01,31.0,0.0,0.0,0.0
2022-02-04 11:24:11,31.0,0.0,0.0,0.0
2022-02-04 11:24:21,31.0,0.0,0.0,0.0
2022-02-04 11:24:31,31.0,0.0,0.0,0.0
2022-02-04 11:24:41,31.0,0.0,0.0,0.0
2022-02-04 11:24:51,31.0,0.0,0.0,0.0
2022-02-04 11:25:01,31.0,0.0,0.0,0.0
2022-02-04 11:25:11,31.0,0.0,0.0,0.0
2022-02-04 11:25:21,31.0,0.0,0.0,0.0
2022-02-04 11:25:31,31.0,0.0,0.0,0.0
2022-02-04 11:25:41,31.0,0.0,0.0,0.0
2022-02-04 11:25:51,31.0,0.0,0.0,0.0
2022-02-04 11:26:01,31.0,0.0,0.0,0.0
2022-02-04 11:26:11,31.0,0.0,0.0,0.0
2022-02-04 11:26:21,31.0,0.0,0.0,0.0
2022-02-04 11:26:31,31.0,0.0,0.0,0.0
2022-02-04 11:26:41,31.0,0.0,0.0,0.0
2022-02-04 11:26:51,31.0,0.0,0.0,0.0
2022-02-04 11:27:01,31.0,0.0,0.0,0.0
2022-02-04 11:27:11,31.0,0.0,0.0,0.0
2022-02-04 11:27:21,31.0,0.0,0.0,0.0
2022-02-04 11:27:31,31.0,0.0,0.0,0.0
2022-02-04 11:27:41,31.0,0.0,0.0,0.0
2022-02-04 11:27:51,31.0,0.0,0.0,0.0
2022-02-04 11:28:01,31.0,0.0,0.0,0.0
2022-02-04 11:28:11,31.0,0.0,0.0,0.0
2022-02-04 11:28:21,31.0,0.0,0.0,0.0
2022-02-04 11:28:31,31.0,0.0,0.0,0.0
2022-02-04 11:28:41,31.0,0.0,0.0,0.0
2022-02-04 11:28:51,31.0,0.0,0.0,0.0
2022-02-04 11:29:01,31.0,0.0,0.0,0.0
2022-02-04 11:29:11,31.0,0.0,0.0,0.0
2022-02-04 11:29:21,31.0,0.0,0.0,0.0
2022-02-04 11:29:31,31.0,0.0,0.0,0.0
2022-02-04 11:29:41,31.0,0.0,0.0,0.0
2022-02-04 11:29:51,31.0,0.0,0.0,0.0
2022-02-04 11:30:01,31.0,0.0,0.0,0.0
2022-02-04 11:30:11,31.0,0.0,0.0,0.0
2022-02-04 11:30:21,31.0,0.0,0.0,0.0
2022-02-04 11:30:31,31.0,0.0,0.0,0.0
2022-02-04 11:30:41,31.0,0.0,0.0,0.0
2022-02-04 11:30:51,31.0,0.0,0.0,0.0
2022-02-04 11:31:01,31.0,0.0,6.8,2.66
2022-02-04 11:31:11,31.0,0.0,6.8,2.62
2022-02-04 11:31:21,32.0,418.0,6.8,2.67
2022-02-04 11:31:31,34.0,503.0,138.7,5.5
2022-02-04 11:31:41,36.0,503.0,138.6,5.48
2022-02-04 11:31:51,36.0,503.0,138.7,5.49
2022-02-04 11:32:01,37.0,503.0,138.6,5.49
2022-02-04 11:32:11,37.0,503.0,138.7,5.49
2022-02-04 11:32:21,37.0,503.0,138.6,5.5
2022-02-04 11:32:31,38.0,503.0,138.7,5.47
2022-02-04 11:32:41,38.0,503.0,138.6,5.5
2022-02-04 11:32:51,38.0,503.0,138.6,5.48
2022-02-04 11:33:01,38.0,503.0,138.6,5.49
2022-02-04 11:33:11,38.0,503.0,138.6,5.48
2022-02-04 11:33:21,38.0,503.0,138.6,5.48
2022-02-04 11:33:31,38.0,503.0,138.6,5.49
2022-02-04 11:33:41,39.0,503.0,138.7,5.5
2022-02-04 11:33:51,39.0,503.0,138.7,5.46
2022-02-04 11:34:01,39.0,503.0,138.7,5.49
2022-02-04 11:34:11,39.0,503.0,138.6,5.5
2022-02-04 11:34:21,39.0,503.0,138.6,5.49
2022-02-04 11:34:31,39.0,503.0,138.6,5.49
2022-02-04 11:34:41,39.0,503.0,138.7,5.49
2022-02-04 11:34:51,39.0,503.0,138.7,5.47
2022-02-04 11:35:01,39.0,503.0,138.6,5.48
2022-02-04 11:35:11,39.0,503.0,138.6,5.47
2022-02-04 11:35:21,39.0,503.0,138.6,5.47
2022-02-04 11:35:31,40.0,503.0,138.6,5.48
2022-02-04 11:35:41,40.0,503.0,138.6,5.48
2022-02-04 11:35:51,40.0,503.0,138.7,5.49
2022-02-04 11:36:01,40.0,503.0,138.7,5.46
2022-02-04 11:36:11,40.0,503.0,138.7,5.49
2022-02-04 11:36:21,40.0,503.0,138.6,5.49
2022-02-04 11:36:31,40.0,503.0,138.7,5.48
2022-02-04 11:36:41,40.0,503.0,138.6,5.47
2022-02-04 11:36:51,40.0,503.0,138.6,5.48
2022-02-04 11:37:01,40.0,503.0,138.6,5.47
2022-02-04 11:37:11,40.0,503.0,138.6,5.48
2022-02-04 11:37:21,40.0,503.0,138.6,5.46
2022-02-04 11:37:31,40.0,503.0,138.6,5.49
2022-02-04 11:37:41,40.0,503.0,138.6,5.49
2022-02-04 11:37:51,40.0,503.0,138.6,5.5
2022-02-04 11:38:01,40.0,503.0,138.6,5.47
2022-02-04 11:38:11,40.0,503.0,138.7,5.47
2022-02-04 11:38:21,40.0,503.0,138.6,5.48
2022-02-04 11:38:31,40.0,503.0,138.6,5.48
2022-02-04 11:38:41,40.0,503.0,138.6,5.48
2022-02-04 11:38:51,40.0,503.0,138.6,5.48
2022-02-04 11:39:01,40.0,503.0,138.6,5.47
2022-02-04 11:39:11,40.0,503.0,138.6,5.47
2022-02-04 11:39:21,40.0,503.0,138.6,5.48
2022-02-04 11:39:31,41.0,503.0,138.6,5.47
2022-02-04 11:39:41,41.0,503.0,138.6,5.49
2022-02-04 11:39:51,41.0,503.0,138.6,5.48
2022-02-04 11:40:01,41.0,503.0,138.7,5.47
2022-02-04 11:40:11,41.0,503.0,138.6,5.48
2022-02-04 11:40:21,41.0,503.0,138.6,5.5
2022-02-04 11:40:31,41.0,503.0,138.7,5.48
2022-02-04 11:40:41,41.0,503.0,138.6,5.47
2022-02-04 11:40:51,41.0,503.0,138.7,5.5
2022-02-04 11:41:01,41.0,503.0,138.7,5.48
2022-02-04 11:41:11,41.0,503.0,138.7,5.48
2022-02-04 11:41:21,41.0,503.0,138.6,5.49
2022-02-04 11:41:31,41.0,503.0,138.6,5.47
2022-02-04 11:41:41,41.0,503.0,138.6,5.48
2022-02-04 11:41:51,41.0,503.0,138.6,5.47
2022-02-04 11:42:01,41.0,503.0,138.7,5.47
2022-02-04 11:42:11,41.0,503.0,138.6,5.44
2022-02-04 11:42:21,41.0,503.0,138.7,5.45
2022-02-04 11:42:31,41.0,503.0,138.6,5.45
2022-02-04 11:42:41,41.0,503.0,138.6,5.45
2022-02-04 11:42:51,41.0,0.0,6.8,2.78
2022-02-04 11:43:01,41.0,0.0,6.8,2.77
2022-02-04 11:43:11,41.0,0.0,6.8,2.77
2022-02-04 11:43:21,41.0,0.0,6.8,2.77
2022-02-04 11:43:31,40.0,0.0,6.8,2.75
2022-02-04 11:43:41,40.0,0.0,6.8,2.77
2022-02-04 11:43:51,40.0,0.0,6.8,2.77
2022-02-04 11:44:01,40.0,0.0,6.8,2.77
2022-02-04 11:44:11,40.0,0.0,6.8,2.77
2022-02-04 11:44:21,40.0,0.0,6.8,2.77
2022-02-04 11:44:31,39.0,0.0,6.8,2.77
2022-02-04 11:44:41,39.0,0.0,6.8,2.77
2022-02-04 11:44:51,39.0,0.0,6.8,2.77
2022-02-04 11:45:01,39.0,0.0,6.8,2.77
2022-02-04 11:45:11,39.0,0.0,6.8,2.77
2022-02-04 11:45:21,39.0,0.0,6.8,2.75
2022-02-04 11:45:31,39.0,0.0,6.8,2.77
2022-02-04 11:45:41,39.0,0.0,6.8,2.75
2022-02-04 11:45:51,39.0,0.0,6.8,2.77
2022-02-04 11:46:01,38.0,0.0,6.8,2.73
2022-02-04 11:46:11,38.0,0.0,6.8,2.76
2022-02-04 11:46:21,38.0,0.0,6.8,2.74
2022-02-04 11:46:31,38.0,0.0,6.8,2.77
2022-02-04 11:46:41,38.0,0.0,6.8,2.77
2022-02-04 11:46:51,38.0,0.0,6.8,2.76
2022-02-04 11:47:01,38.0,0.0,6.8,2.77
2022-02-04 11:47:11,38.0,0.0,6.8,2.73
2022-02-04 11:47:21,38.0,0.0,6.8,2.73
2022-02-04 11:47:31,38.0,0.0,6.8,2.73
2022-02-04 11:47:41,38.0,0.0,6.8,2.73
2022-02-04 11:47:51,38.0,0.0,6.8,2.77
2022-02-04 11:48:01,38.0,0.0,6.8,2.77
2022-02-04 11:48:11,38.0,0.0,6.8,2.74
2022-02-04 11:48:21,38.0,0.0,6.8,2.74
2022-02-04 11:48:31,38.0,0.0,6.8,2.77
2022-02-04 11:48:41,38.0,0.0,6.8,2.77
2022-02-04 11:48:51,38.0,0.0,6.8,2.77
2022-02-04 11:49:01,37.0,0.0,6.8,2.74
2022-02-04 11:49:11,36.0,0.0,0.0,0.0
2022-02-04 11:49:21,34.0,0.0,0.0,0.0
2022-02-04 11:49:31,33.0,0.0,0.0,0.0
2022-02-04 11:49:41,33.0,0.0,0.0,0.0
2022-02-04 11:49:51,33.0,0.0,0.0,0.0
2022-02-04 11:50:01,32.0,0.0,0.0,0.0
2022-02-04 11:50:11,32.0,0.0,0.0,0.0
2022-02-04 11:50:21,32.0,0.0,0.0,0.0
2022-02-04 11:50:31,32.0,0.0,0.0,0.0
2022-02-04 11:50:41,31.0,0.0,0.0,0.0
2022-02-04 11:50:51,31.0,0.0,0.0,0.0
2022-02-04 11:51:01,31.0,0.0,0.0,0.0
2022-02-04 11:51:11,31.0,0.0,0.0,0.0
2022-02-04 11:51:21,31.0,0.0,0.0,0.0
2022-02-04 11:51:31,31.0,0.0,0.0,0.0
2022-02-04 11:51:41,31.0,0.0,0.0,0.0
2022-02-04 11:51:51,31.0,0.0,0.0,0.0
2022-02-04 11:52:01,31.0,0.0,0.0,0.0
2022-02-04 11:52:11,31.0,0.0,0.0,0.0
2022-02-04 11:52:21,31.0,0.0,0.0,0.0
2022-02-04 11:52:31,31.0,0.0,0.0,0.0
2022-02-04 11:52:41,31.0,0.0,0.0,0.0
2022-02-04 11:52:51,31.0,0.0,0.0,0.0
2022-02-04 11:53:01,31.0,0.0,0.0,0.0
2022-02-04 11:53:11,31.0,0.0,0.0,0.0
2022-02-04 11:53:21,31.0,0.0,0.0,0.0
2022-02-04 11:53:31,31.0,0.0,0.0,0.0
2022-02-04 11:53:41,31.0,0.0,0.0,0.0
2022-02-04 11:53:51,31.0,0.0,6.8,2.77
2022-02-04 11:54:01,31.0,0.0,6.8,2.84
2022-02-04 11:54:11,32.0,451.0,125.0,5.67
2022-02-04 11:54:21,34.0,451.0,125.0,5.69
2022-02-04 11:54:31,36.0,451.0,125.0,5.67
2022-02-04 11:54:41,36.0,451.0,125.0,5.65
2022-02-04 11:54:51,37.0,451.0,125.0,5.66
2022-02-04 11:55:01,37.0,451.0,125.0,5.67
2022-02-04 11:55:11,37.0,451.0,125.0,5.66
2022-02-04 11:55:21,38.0,451.0,125.0,5.63
2022-02-04 11:55:31,38.0,451.0,125.0,5.68
2022-02-04 11:55:41,38.0,451.0,125.0,5.64
2022-02-04 11:55:51,38.0,451.0,125.0,5.67
2022-02-04 11:56:01,38.0,451.0,125.0,5.67
2022-02-04 11:56:11,39.0,451.0,125.0,5.67
2022-02-04 11:56:21,39.0,451.0,125.0,5.69
2022-02-04 11:56:31,39.0,451.0,125.0,5.65
2022-02-04 11:56:41,39.0,451.0,125.0,5.67
2022-02-04 11:56:51,39.0,451.0,125.0,5.68
2022-02-04 11:57:01,39.0,451.0,125.0,5.65
2022-02-04 11:57:11,39.0,451.0,125.0,5.66
2022-02-04 11:57:21,39.0,451.0,125.0,5.67
2022-02-04 11:57:31,39.0,451.0,125.0,5.67
2022-02-04 11:57:41,40.0,451.0,125.0,5.66
2022-02-04 11:57:51,40.0,451.0,125.0,5.66
2022-02-04 11:58:01,40.0,451.0,125.0,5.67
2022-02-04 11:58:11,40.0,451.0,125.0,5.67
2022-02-04 11:58:21,40.0,451.0,125.0,5.66
2022-02-04 11:58:31,40.0,451.0,125.0,5.68
2022-02-04 11:58:41,40.0,451.0,125.0,5.64
2022-02-04 11:58:51,40.0,451.0,125.0,5.63
2022-02-04 11:59:01,40.0,451.0,125.0,5.66
2022-02-04 11:59:11,40.0,451.0,125.0,5.7
2022-02-04 11:59:21,40.0,451.0,125.0,5.68
2022-02-04 11:59:31,40.0,451.0,125.0,5.67
2022-02-04 11:59:41,40.0,451.0,125.0,5.67
2022-02-04 11:59:51,40.0,451.0,125.0,5.66
2022-02-04 12:00:01,40.0,451.0,125.0,5.64
2022-02-04 12:00:11,40.0,451.0,125.0,5.68
2022-02-04 12:00:21,41.0,451.0,125.0,5.68
2022-02-04 12:00:31,41.0,451.0,125.0,5.65
2022-02-04 12:00:41,41.0,451.0,125.0,5.68
2022-02-04 12:00:51,41.0,451.0,125.0,5.68
2022-02-04 12:01:01,41.0,451.0,125.0,5.66
2022-02-04 12:01:11,41.0,451.0,125.0,5.66
2022-02-04 12:01:21,41.0,451.0,125.0,5.66
2022-02-04 12:01:31,41.0,451.0,125.0,5.67
2022-02-04 12:01:41,41.0,451.0,125.0,5.68
2022-02-04 12:01:51,41.0,451.0,125.0,5.65
2022-02-04 12:02:01,41.0,451.0,125.0,5.67
2022-02-04 12:02:11,41.0,451.0,125.0,5.67
2022-02-04 12:02:21,41.0,451.0,125.0,5.66
2022-02-04 12:02:31,41.0,451.0,125.0,5.63
2022-02-04 12:02:41,41.0,451.0,125.0,5.68
2022-02-04 12:02:51,41.0,451.0,125.0,5.67
2022-02-04 12:03:01,41.0,451.0,125.0,5.64
2022-02-04 12:03:11,41.0,451.0,125.0,5.64
2022-02-04 12:03:21,41.0,451.0,125.0,5.68
2022-02-04 12:03:31,41.0,451.0,125.0,5.68
2022-02-04 12:03:41,41.0,451.0,125.0,5.67
2022-02-04 12:03:51,41.0,451.0,125.0,5.65
2022-02-04 12:04:01,41.0,451.0,125.0,5.7
2022-02-04 12:04:11,41.0,451.0,125.0,5.66
2022-02-04 12:04:21,41.0,451.0,125.0,5.69
2022-02-04 12:04:31,41.0,451.0,125.0,5.66
2022-02-04 12:04:41,41.0,451.0,125.0,5.68
2022-02-04 12:04:51,41.0,451.0,125.0,5.66
2022-02-04 12:05:01,41.0,451.0,125.0,5.66
2022-02-04 12:05:11,41.0,451.0,125.0,5.67
2022-02-04 12:05:21,41.0,451.0,125.0,5.68
2022-02-04 12:05:31,41.0,451.0,125.0,5.66
2022-02-04 12:05:41,41.0,451.0,125.0,5.65
2022-02-04 12:05:51,41.0,451.0,125.0,5.5
2022-02-04 12:06:01,41.0,451.0,125.0,5.51
2022-02-04 12:06:11,41.0,451.0,125.0,5.49
2022-02-04 12:06:21,41.0,451.0,125.0,5.51
2022-02-04 12:06:31,41.0,451.0,125.0,5.48
2022-02-04 12:06:41,41.0,451.0,125.0,5.5
2022-02-04 12:06:51,41.0,451.0,125.0,5.49
2022-02-04 12:07:01,41.0,0.0,6.8,2.82
2022-02-04 12:07:11,41.0,0.0,6.8,2.82
2022-02-04 12:07:21,41.0,0.0,6.8,2.82
2022-02-04 12:07:31,40.0,0.0,6.8,2.78
2022-02-04 12:07:41,40.0,0.0,6.8,2.81
2022-02-04 12:07:51,40.0,0.0,6.8,2.78
2022-02-04 12:08:01,40.0,0.0,6.8,2.77
2022-02-04 12:08:11,39.0,0.0,6.8,2.79
2022-02-04 12:08:21,39.0,0.0,6.8,2.82
2022-02-04 12:08:31,39.0,0.0,6.8,2.82
2022-02-04 12:08:41,39.0,0.0,6.8,2.81
2022-02-04 12:08:51,39.0,0.0,6.8,2.82
2022-02-04 12:09:01,39.0,0.0,6.8,2.78
2022-02-04 12:09:11,39.0,0.0,6.8,2.77
2022-02-04 12:09:21,39.0,0.0,6.8,2.78
2022-02-04 12:09:31,38.0,0.0,6.8,2.77
2022-02-04 12:09:41,38.0,0.0,6.8,2.77
2022-02-04 12:09:51,38.0,0.0,0.0,0.0
2022-02-04 12:10:01,36.0,0.0,0.0,0.0
2022-02-04 12:10:11,36.0,0.0,0.0,0.0
2022-02-04 12:10:21,35.0,0.0,0.0,0.0
2022-02-04 12:10:31,34.0,0.0,0.0,0.0
2022-02-04 12:10:41,34.0,0.0,0.0,0.0
2022-02-04 12:10:51,34.0,0.0,0.0,0.0
2022-02-04 12:11:01,33.0,0.0,0.0,0.0
2022-02-04 12:11:11,33.0,0.0,0.0,0.0
2022-02-04 12:11:21,33.0,0.0,0.0,0.0
2022-02-04 12:11:31,33.0,0.0,0.0,0.0
2022-02-04 12:11:41,32.0,0.0,0.0,0.0
2022-02-04 12:11:51,32.0,0.0,0.0,0.0
2022-02-04 12:12:01,32.0,0.0,0.0,0.0
2022-02-04 12:12:11,32.0,0.0,0.0,0.0
2022-02-04 12:12:21,32.0,0.0,0.0,0.0
2022-02-04 12:12:31,31.0,0.0,0.0,0.0
2022-02-04 12:12:41,31.0,0.0,0.0,0.0
2022-02-04 12:12:51,31.0,0.0,0.0,0.0
2022-02-04 12:13:01,31.0,0.0,0.0,0.0
2022-02-04 12:13:11,31.0,0.0,0.0,0.0
2022-02-04 12:13:21,31.0,0.0,0.0,0.0
2022-02-04 12:13:31,31.0,0.0,0.0,0.0
2022-02-04 12:13:41,31.0,0.0,0.0,0.0
2022-02-04 12:13:51,31.0,0.0,0.0,0.0
2022-02-04 12:14:01,31.0,0.0,0.0,0.0
2022-02-04 12:14:11,31.0,0.0,0.0,0.0
2022-02-04 12:14:21,31.0,0.0,0.0,0.0
2022-02-04 12:14:31,31.0,0.0,0.0,0.0
2022-02-04 12:14:41,31.0,0.0,0.0,0.0
2022-02-04 12:14:51,31.0,0.0,0.0,0.0
